step,phase,x,y,z
0,warmup,-0.091356,-0.108761,0.036841
1,warmup,-0.093096,-0.133219,0.035958
2,warmup,-0.097109,-0.157921,0.035123
3,warmup,-0.103190,-0.183498,0.034340
4,warmup,-0.111221,-0.210521,0.033614
5,warmup,-0.121151,-0.239520,0.032952
6,warmup,-0.132988,-0.271007,0.032363
7,warmup,-0.146789,-0.305490,0.031860
8,warmup,-0.162660,-0.343490,0.031459
9,warmup,-0.180743,-0.385548,0.031179
10,warmup,-0.201223,-0.432244,0.031044
11,warmup,-0.224325,-0.484202,0.031086
12,warmup,-0.250313,-0.542101,0.031344
13,warmup,-0.279492,-0.606689,0.031865
14,warmup,-0.312212,-0.678791,0.032711
15,warmup,-0.348869,-0.759320,0.033958
16,warmup,-0.389915,-0.849292,0.035701
17,warmup,-0.435852,-0.949836,0.038061
18,warmup,-0.487251,-1.062210,0.041186
19,warmup,-0.544747,-1.187818,0.045263
20,warmup,-0.609054,-1.328222,0.050526
21,warmup,-0.680971,-1.485167,0.057269
22,warmup,-0.761390,-1.660597,0.065855
23,warmup,-0.851311,-1.856679,0.076743
24,warmup,-0.951848,-2.075826,0.090502
25,warmup,-1.064246,-2.320724,0.107848
26,warmup,-1.189894,-2.594358,0.129670
27,warmup,-1.330340,-2.900041,0.157082
28,warmup,-1.487310,-3.241447,0.191474
29,warmup,-1.662724,-3.622631,0.234578
30,warmup,-1.858714,-4.048067,0.288557
31,warmup,-2.077650,-4.522663,0.356104
32,warmup,-2.322151,-5.051780,0.440573
33,warmup,-2.595114,-5.641233,0.546134
34,warmup,-2.899726,-6.297280,0.677967
35,warmup,-3.239481,-7.026571,0.842492
36,warmup,-3.618190,-7.836068,1.047650
37,warmup,-4.039978,-8.732895,1.303237
38,warmup,-4.509270,-9.724109,1.621291
39,warmup,-5.030754,-10.816355,2.016543
40,warmup,-5.609314,-12.015355,2.506912
41,warmup,-6.249918,-13.325189,3.114040
42,warmup,-6.957445,-14.747289,3.863813
43,warmup,-7.736430,-16.279079,4.786812
44,warmup,-8.590694,-17.912160,5.918583
45,warmup,-9.522841,-19.629985,7.299533
46,warmup,-10.533555,-21.404958,8.974211
47,warmup,-11.620696,-23.195000,10.989602
48,warmup,-12.778126,-24.939777,13.391966
49,warmup,-13.994291,-26.557012,16.221683
50,warmup,-15.250563,-27.939734,19.505571
51,warmup,-16.519480,-28.955785,23.246389
52,warmup,-17.763111,-29.451499,27.409830
53,warmup,-18.931950,-29.261816,31.910404
54,warmup,-19.964936,-28.228882,36.599292
55,warmup,-20.791331,-26.229750,41.259189
56,warmup,-21.335173,-23.210691,45.612458
57,warmup,-21.522725,-19.220935,49.348167
58,warmup,-21.292546,-14.434019,52.169085
59,warmup,-20.606693,-9.143465,53.851280
60,warmup,-19.460370,-3.724937,54.299411
61,warmup,-17.886827,1.430275,53.576313
62,warmup,-15.955117,5.990764,51.891781
63,warmup,-13.760529,9.742817,49.552167
64,warmup,-11.410194,12.611081,46.890112
65,warmup,-9.008066,14.640369,44.200761
66,warmup,-6.643223,15.953341,41.703259
67,warmup,-4.383567,16.704145,39.531357
68,warmup,-2.274795,17.042588,37.744950
69,warmup,-0.343057,17.093840,36.350734
70,warmup,1.400633,16.951550,35.322739
71,warmup,2.955724,16.679469,34.618228
72,warmup,4.328099,16.317058,34.188075
73,warmup,5.526995,15.886062,33.982611
74,warmup,6.562902,15.396542,33.954430
75,warmup,7.446266,14.851794,34.059439
76,warmup,8.186818,14.252074,34.257091
77,warmup,8.793344,13.597296,34.510360
78,warmup,9.273739,12.888845,34.785741
79,warmup,9.635250,12.130665,35.053399
80,warmup,9.884791,11.329745,35.287461
81,warmup,10.029287,10.496098,35.466384
82,warmup,10.075968,9.642312,35.573297
83,warmup,10.032602,8.782806,35.596232
84,warmup,9.907623,7.932878,35.528143
85,warmup,9.710148,7.107689,35.366686
86,warmup,9.449902,6.321296,35.113741
87,warmup,9.137041,5.585841,34.774731
88,warmup,8.781921,4.910973,34.357786
89,warmup,8.394827,4.303527,33.872856
90,warmup,7.985697,3.767476,33.330853
91,warmup,7.563875,3.304096,32.742890
92,warmup,7.137897,2.912308,32.119664
93,warmup,6.715338,2.589128,31.471017
94,warmup,6.302717,2.330146,30.805659
95,warmup,5.905460,2.130012,30.131037
96,warmup,5.527915,1.982864,29.453329
97,warmup,5.173410,1.882697,28.777518
98,warmup,4.844339,1.823646,28.107518
99,warmup,4.542269,1.800201,27.446327
100,warmup,4.268062,1.807348,26.796195
101,warmup,4.021991,1.840654,26.158769
102,warmup,3.803857,1.896301,25.535233
103,warmup,3.613102,1.971094,24.926426
104,warmup,3.448901,2.062435,24.332939
105,warmup,3.310254,2.168284,23.755192
106,warmup,3.196057,2.287115,23.193495
107,warmup,3.105163,2.417862,22.648100
108,warmup,3.036433,2.559869,22.119229
109,warmup,2.988777,2.712836,21.607112
110,warmup,2.961183,2.876777,21.112003
111,warmup,2.952742,3.051975,20.634202
112,warmup,2.962665,3.238949,20.174074
113,warmup,2.990294,3.438415,19.732058
114,warmup,3.035106,3.651267,19.308688
115,warmup,3.096722,3.878544,18.904610
116,warmup,3.174904,4.121418,18.520595
117,warmup,3.269556,4.381166,18.157563
118,warmup,3.380717,4.659158,17.816606
119,warmup,3.508561,4.956838,17.499010
120,warmup,3.653388,5.275703,17.206283
121,warmup,3.815620,5.617283,16.940191
122,warmup,3.995786,5.983110,16.702786
123,warmup,4.194519,6.374692,16.496451
124,warmup,4.412536,6.793463,16.323933
125,warmup,4.650629,7.240739,16.188393
126,warmup,4.909640,7.717646,16.093442
127,warmup,5.190440,8.225039,16.043192
128,warmup,5.493900,8.763399,16.042289
129,warmup,5.820850,9.332710,16.095947
130,warmup,6.172036,9.932300,16.209965
131,warmup,6.548062,10.560662,16.390725
132,warmup,6.949322,11.215238,16.645157
133,warmup,7.375914,11.892170,16.980669
134,warmup,7.827540,12.586025,17.405008
135,warmup,8.303388,13.289492,17.926050
136,warmup,8.801998,13.993076,18.551500
137,warmup,9.321106,14.684802,19.288464
138,warmup,9.857476,15.349965,20.142891
139,warmup,10.406725,15.970978,21.118866
140,warmup,10.963150,16.527369,22.217752
141,warmup,11.519572,16.996012,23.437199
142,warmup,12.067216,17.351667,24.770075
143,warmup,12.595661,17.567912,26.203403
144,warmup,13.092886,17.618527,27.717440
145,warmup,13.545450,17.479337,29.285082
146,warmup,13.938839,17.130473,30.871802
147,warmup,14.258002,16.558872,32.436343
148,warmup,14.488089,15.760750,33.932338
149,warmup,14.615355,14.743660,35.310907
150,warmup,14.628186,13.527708,36.524121
151,warmup,14.518138,12.145507,37.529003
152,warmup,14.280875,10.640618,38.291531
153,warmup,13.916849,9.064491,38.789997
154,warmup,13.431614,7.472219,39.017089
155,warmup,12.835674,5.917724,38.980272
156,warmup,12.143879,4.449155,38.700378
157,warmup,11.374407,3.105222,38.208668
158,warmup,10.547488,1.912994,37.542971
159,warmup,9.684039,0.887321,36.743598
160,warmup,8.804367,0.031714,35.849697
161,warmup,7.927102,-0.659719,34.896497
162,warmup,7.068420,-1.199814,33.913627
163,warmup,6.241596,-1.605816,32.924456
164,warmup,5.456855,-1.897123,31.946242
165,warmup,4.721457,-2.093492,30.990819
166,warmup,4.039962,-2.213767,30.065554
167,warmup,3.414589,-2.275077,29.174370
168,warmup,2.845623,-2.292426,28.318703
169,warmup,2.331818,-2.278571,27.498303
170,warmup,1.870779,-2.244087,26.711883
171,warmup,1.459292,-2.197548,25.957584
172,warmup,1.093608,-2.145768,25.233314
173,warmup,0.769671,-2.094054,24.536959
174,warmup,0.483298,-2.046459,23.866523
175,warmup,0.230322,-2.006017,23.220192
176,warmup,0.006688,-1.974948,22.596366
177,warmup,-0.191475,-1.954837,21.993664
178,warmup,-0.367811,-1.946790,21.410910
179,warmup,-0.525709,-1.951557,20.847113
180,warmup,-0.668294,-1.969645,20.301449
181,warmup,-0.798429,-2.001397,19.773240
182,warmup,-0.918726,-2.047068,19.261933
183,warmup,-1.031560,-2.106877,18.767089
184,warmup,-1.139092,-2.181051,18.288367
185,warmup,-1.243288,-2.269865,17.825521
186,warmup,-1.345945,-2.373664,17.378395
187,warmup,-1.448717,-2.492889,16.946919
188,warmup,-1.553134,-2.628088,16.531116
189,warmup,-1.660630,-2.779934,16.131104
190,warmup,-1.772560,-2.949233,15.747106
191,warmup,-1.890227,-3.136930,15.379460
192,warmup,-2.014898,-3.344118,15.028636
193,warmup,-2.147820,-3.572037,14.695253
194,warmup,-2.290241,-3.822078,14.380101
195,warmup,-2.443425,-4.095786,14.084166
196,warmup,-2.608661,-4.394851,13.808666
197,warmup,-2.787280,-4.721106,13.555081
198,warmup,-2.980663,-5.076516,13.325203
199,warmup,-3.190248,-5.463157,13.121178
200,warmup,-3.417539,-5.883197,12.945568
201,warmup,-3.664105,-6.338856,12.801414
202,warmup,-3.931580,-6.832359,12.692305
203,warmup,-4.221658,-7.365870,12.622463
204,warmup,-4.536079,-7.941398,12.596826
205,warmup,-4.876611,-8.560684,12.621139
206,warmup,-5.245018,-9.225045,12.702046
207,warmup,-5.643021,-9.935175,12.847180
208,warmup,-6.072236,-10.690900,13.065233
209,warmup,-6.534103,-11.490865,13.366003
210,warmup,-7.029779,-12.332157,13.760402
211,warmup,-7.560017,-13.209848,14.260381
212,warmup,-8.125000,-14.116467,14.878771
213,warmup,-8.724146,-15.041402,15.628966
214,warmup,-9.355872,-15.970255,16.524428
215,warmup,-10.017310,-16.884192,17.577933
216,warmup,-10.703998,-17.759361,18.800530
217,warmup,-11.409535,-18.566479,20.200144
218,warmup,-12.125229,-19.270741,21.779823
219,warmup,-12.839780,-19.832244,23.535649
220,warmup,-13.539027,-20.207135,25.454448
221,warmup,-14.205837,-20.349706,27.511512
222,warmup,-14.820224,-20.215603,29.668718
223,warmup,-15.359762,-19.766139,31.873550
224,warmup,-15.800400,-18.973510,34.059621
225,warmup,-16.117711,-17.826330,36.149255
226,warmup,-16.288573,-16.334594,38.058471
227,warmup,-16.293175,-14.532867,39.704250
228,warmup,-16.117144,-12.480544,41.013336
229,warmup,-15.753484,-10.258360,41.931154
230,warmup,-15.203972,-7.961135,42.429039
231,warmup,-14.479688,-5.687736,42.508007
232,warmup,-13.600493,-3.530145,42.198026
233,warmup,-12.593458,-1.563842,41.552863
234,warmup,-11.490496,0.158571,40.641728
235,warmup,-10.325590,1.609582,39.539728
236,warmup,-9.132072,2.785032,38.319137
237,warmup,-7.940362,3.699532,37.042962
238,warmup,-6.776373,4.380581,35.761393
239,warmup,-5.660677,4.862716,34.510912
240,warmup,-4.608338,5.182651,33.315358
241,warmup,-3.629239,5.375774,32.188114
242,warmup,-2.728738,5.474013,31.134665
243,warmup,-1.908463,5.504809,30.155036
244,warmup,-1.167136,5.490889,29.245844
245,warmup,-0.501333,5.450521,28.401869
246,warmup,0.093852,5.398031,27.617161
247,warmup,0.624270,5.344410,26.885769
248,warmup,1.096284,5.297921,26.202179
249,warmup,1.516448,5.264651,25.561534
250,warmup,1.891268,5.248983,24.959729
251,warmup,2.227040,5.253993,24.393409
252,warmup,2.529735,5.281773,23.859926
253,warmup,2.804939,5.333688,23.357276
254,warmup,3.057814,5.410577,22.884022
255,warmup,3.293090,5.512908,22.439227
256,warmup,3.515072,5.640900,22.022393
257,warmup,3.727655,5.794608,21.633411
258,warmup,3.934350,5.973987,21.272523
259,warmup,4.138314,6.178929,20.940293
260,warmup,4.342375,6.409293,20.637589
261,warmup,4.549067,6.664904,20.365568
262,warmup,4.760651,6.945550,20.125678
263,warmup,4.979141,7.250963,19.919646
264,warmup,5.206323,7.580786,19.749491
265,warmup,5.443769,7.934526,19.617518
266,warmup,5.692845,8.311504,19.526322
267,warmup,5.954711,8.710782,19.478781
268,warmup,6.230318,9.131088,19.478049
269,warmup,6.520395,9.570722,19.527530
270,warmup,6.825428,10.027453,19.630845
271,warmup,7.145630,10.498410,19.791772
272,warmup,7.480908,10.979955,20.014169
273,warmup,7.830813,11.467568,20.301858
274,warmup,8.194488,11.955720,20.658479
275,warmup,8.570612,12.437762,21.087296
276,warmup,8.957327,12.905846,21.590961
277,warmup,9.352179,13.350866,22.171221
278,warmup,9.752047,13.762475,22.828585
279,warmup,10.153090,14.129169,23.561946
280,warmup,10.550698,14.438477,24.368174
281,warmup,10.939476,14.677275,25.241717
282,warmup,11.313256,14.832244,26.174221
283,warmup,11.665155,14.890477,27.154252
284,warmup,11.987687,14.840230,28.167135
285,warmup,12.272941,14.671792,29.195012
286,warmup,12.512826,14.378411,30.217139
287,warmup,12.699385,13.957200,31.210494
288,warmup,12.825166,13.409915,32.150693
289,warmup,12.883641,12.743483,33.013185
290,warmup,12.869625,11.970167,33.774658
291,warmup,12.779680,11.107289,34.414516
292,warmup,12.612440,10.176461,34.916272
293,warmup,12.368843,9.202386,35.268671
294,warmup,12.052197,8.211312,35.466402
295,warmup,11.668108,7.229333,35.510274
296,warmup,11.224231,6.280733,35.406860
297,warmup,10.729881,5.386562,35.167641
298,warmup,10.195549,4.563617,34.807809
299,warmup,9.632356,3.823888,34.344887
300,warmup,9.051509,3.174487,33.797354
301,warmup,8.463807,2.617994,33.183430
302,warmup,7.879226,2.153098,32.520120
303,warmup,7.306613,1.775417,31.822565
304,warmup,6.753493,1.478363,31.103686
305,warmup,6.225980,1.253972,30.374095
306,warmup,5.728779,1.093622,29.642191
307,warmup,5.265264,0.988608,28.914384
308,warmup,4.837598,0.930577,28.195387
309,warmup,4.446896,0.911819,27.488527
310,warmup,4.093388,0.925446,26.796047
311,warmup,3.776594,0.965474,26.119368
312,warmup,3.495482,1.026843,25.459314
313,warmup,3.248618,1.105384,24.816292
314,warmup,3.034295,1.197756,24.190434
315,warmup,2.850641,1.301372,23.581699
316,warmup,2.695714,1.414308,22.989951
317,warmup,2.567573,1.535222,22.415011
318,warmup,2.464338,1.663268,21.856696
319,warmup,2.384231,1.798027,21.314839
320,warmup,2.325611,1.939437,20.789313
321,warmup,2.286993,2.087735,20.280035
322,warmup,2.267068,2.243413,19.786980
323,warmup,2.264702,2.407173,19.310187
324,warmup,2.278949,2.579900,18.849764
325,warmup,2.309044,2.762630,18.405898
326,warmup,2.354403,2.956536,17.978865
327,warmup,2.414616,3.162908,17.569037
328,warmup,2.489445,3.383147,17.176901
329,warmup,2.578816,3.618751,16.803072
330,warmup,2.682809,3.871311,16.448311
331,warmup,2.801659,4.142508,16.113550
332,warmup,2.935744,4.434101,15.799914
333,warmup,3.085580,4.747923,15.508757
334,warmup,3.251814,5.085871,15.241691
335,warmup,3.435220,5.449889,15.000629
336,warmup,3.636687,5.841947,14.787828
337,warmup,3.857213,6.264013,14.605939
338,warmup,4.097893,6.718010,14.458063
339,warmup,4.359904,7.205764,14.347812
340,warmup,4.644490,7.728929,14.279368
341,warmup,4.952934,8.288893,14.257554
342,warmup,5.286530,8.886658,14.287896
343,warmup,5.646543,9.522686,14.376682
344,warmup,6.034157,10.196706,14.531006
345,warmup,6.450412,10.907479,14.758798
346,warmup,6.896119,11.652516,15.068807
347,warmup,7.371759,12.427742,15.470544
348,warmup,7.877357,13.227106,15.974139
349,warmup,8.412332,14.042154,16.590108
350,warmup,8.975314,14.861571,17.328978
351,warmup,9.563940,15.670713,18.200744
352,warmup,10.174617,16.451201,19.214129
353,warmup,10.802275,17.180617,20.375599
354,warmup,11.440110,17.832420,21.688147
355,warmup,12.079341,18.376179,23.149845
356,warmup,12.709024,18.778284,24.752237
357,warmup,13.315950,19.003260,26.478714
358,warmup,13.884681,19.015801,28.303079
359,warmup,14.397793,18.783561,30.188614
360,warmup,14.836370,18.280614,32.088003
361,warmup,15.180794,17.491296,33.944502
362,warmup,15.411845,16.413961,35.694633
363,warmup,15.512056,15.063936,37.272470
364,warmup,15.467244,13.474946,38.615264
365,warmup,15.268014,11.698308,39.669726
366,warmup,14.911044,9.799589,40.397966
367,warmup,14.399898,7.852927,40.781908
368,warmup,13.745201,5.933816,40.825204
369,warmup,12.964063,4.111628,40.552147
370,warmup,12.078819,2.443243,40.003791
371,warmup,11.115262,0.968895,39.232138
372,warmup,10.100625,-0.289276,38.293643
373,warmup,9.061635,-1.326105,37.243260
374,warmup,8.022861,-2.150435,36.129940
375,warmup,7.005531,-2.781184,34.993948
376,warmup,6.026860,-3.243335,33.865940
377,warmup,5.099840,-3.564434,32.767377
378,warmup,4.233413,-3.771918,31.711799
379,warmup,3.432880,-3.891335,30.706471
380,warmup,2.700458,-3.945331,29.754046
381,warmup,2.035879,-3.953245,28.854063
382,warmup,1.436967,-3.931101,28.004138
383,warmup,0.900160,-3.891849,27.200873
384,warmup,0.420959,-3.845737,26.440483
385,warmup,-0.005711,-3.800715,25.719215
386,warmup,-0.385211,-3.762838,25.033586
387,warmup,-0.722974,-3.736637,24.380518
388,warmup,-1.024340,-3.725438,23.757386
389,warmup,-1.294450,-3.731643,23.162017
390,warmup,-1.538169,-3.756951,22.592668
391,warmup,-1.760047,-3.802556,22.047985
392,warmup,-1.964298,-3.869288,21.526965
393,warmup,-2.154797,-3.957745,21.028917
394,warmup,-2.335092,-4.068381,20.553427
395,warmup,-2.508421,-4.201581,20.100336
396,warmup,-2.677737,-4.357722,19.669721
397,warmup,-2.845735,-4.537208,19.261883
398,warmup,-3.014883,-4.740499,18.877350
399,warmup,-3.187444,-4.968132,18.516874
400,warmup,-3.365513,-5.220720,18.181448
401,warmup,-3.551034,-5.498957,17.872313
402,warmup,-3.745826,-5.803605,17.590988
403,warmup,-3.951604,-6.135472,17.339288
404,warmup,-4.169991,-6.495387,17.119356
405,warmup,-4.402530,-6.884155,16.933697
406,warmup,-4.650693,-7.302511,16.785209
407,warmup,-4.915875,-7.751051,16.677221
408,warmup,-5.199392,-8.230154,16.613527
409,warmup,-5.502468,-8.739880,16.598417
410,warmup,-5.826210,-9.279850,16.636702
411,warmup,-6.171574,-9.849101,16.733720
412,warmup,-6.539326,-10.445917,16.895332
413,warmup,-6.929985,-11.067628,17.127882
414,warmup,-7.343750,-11.710388,17.438124
415,warmup,-7.780413,-12.368922,17.833089
416,warmup,-8.239264,-13.036260,18.319893
417,warmup,-8.718964,-13.703467,18.905454
418,warmup,-9.217414,-14.359383,19.596109
419,warmup,-9.731611,-14.990410,20.397110
420,warmup,-10.257491,-15.580390,21.311996
421,warmup,-10.789781,-16.110607,22.341833
422,warmup,-11.321863,-16.560005,23.484350
423,warmup,-11.845678,-16.905661,24.733002
424,warmup,-12.351676,-17.123602,26.076045
425,warmup,-12.828869,-17.190007,27.495736
426,warmup,-13.264982,-17.082798,28.967799
427,warmup,-13.646764,-16.783592,30.461355
428,warmup,-13.960447,-16.279861,31.939469
429,warmup,-14.192388,-15.567094,33.360491
430,warmup,-14.329859,-14.650642,34.680221
431,warmup,-14.361937,-13.546869,35.854831
432,warmup,-14.280430,-12.283295,36.844295
433,warmup,-14.080717,-10.897458,37.615888
434,warmup,-13.762391,-9.434498,38.147238
435,warmup,-13.329602,-7.943650,38.428391
436,warmup,-12.791006,-6.474151,38.462490
437,warmup,-12.159321,-5.071152,38.264933
438,warmup,-11.450504,-3.772294,37.861152
439,warmup,-10.682683,-2.605419,37.283468
440,warmup,-9.874957,-1.587642,36.567571
441,warmup,-9.046225,-0.725721,35.749215
442,warmup,-8.214175,-0.017453,34.861553
443,warmup,-7.394502,0.546342,33.933345
444,warmup,-6.600418,0.979620,32.988057
445,warmup,-5.842414,1.299056,32.043716
446,warmup,-5.128267,1.522316,31.113321
447,warmup,-4.463209,1.666752,30.205564
448,warmup,-3.850213,1.748524,29.325691
449,warmup,-3.290339,1.782081,28.476351
450,warmup,-2.783097,1.779933,27.658345
451,warmup,-2.326794,1.752625,26.871252
452,warmup,-1.918852,1.708835,26.113905
453,warmup,-1.556083,1.655556,25.384745
454,warmup,-1.234919,1.598305,24.682056
455,warmup,-0.951597,1.541348,24.004130
456,warmup,-0.702303,1.487910,23.349353
457,warmup,-0.483281,1.440369,22.716254
458,warmup,-0.290916,1.400430,22.103526
459,warmup,-0.121782,1.369272,21.510024
460,warmup,0.027324,1.347675,20.934756
461,warmup,0.159359,1.336129,20.376864
462,warmup,0.277036,1.334916,19.835610
463,warmup,0.382824,1.344185,19.310359
464,warmup,0.478960,1.364009,18.800562
465,warmup,0.567465,1.394431,18.305747
466,warmup,0.650162,1.435498,17.825506
467,warmup,0.728695,1.487294,17.359493
468,warmup,0.804555,1.549958,16.907411
469,warmup,0.879095,1.623704,16.469017
470,warmup,0.953556,1.708835,16.044117
471,warmup,1.029084,1.805753,15.632568
472,warmup,1.106751,1.914967,15.234283
473,warmup,1.187573,2.037102,14.849229
474,warmup,1.272525,2.172906,14.477442
475,warmup,1.362563,2.323255,14.119027
476,warmup,1.458633,2.489159,13.774176
477,warmup,1.561685,2.671770,13.443172
478,warmup,1.672694,2.872384,13.126412
479,warmup,1.792663,3.092450,12.824421
480,warmup,1.922642,3.333572,12.537873
481,warmup,2.063735,3.597518,12.267623
482,warmup,2.217113,3.886217,12.014729
483,warmup,2.384023,4.201767,11.780498
484,warmup,2.565798,4.546426,11.566523
485,warmup,2.763861,4.922611,11.374734
486,warmup,2.979736,5.332884,11.207462
487,warmup,3.215050,5.779929,11.067502
488,warmup,3.471538,6.266518,10.958197
489,warmup,3.751036,6.795465,10.883523
490,warmup,4.055479,7.369556,10.848196
491,warmup,4.386887,7.991448,10.857781
492,warmup,4.747343,8.663543,10.918816
493,warmup,5.138963,9.387810,11.038936
494,warmup,5.563848,10.165555,11.227000
495,warmup,6.024018,10.997124,11.493210
496,warmup,6.521329,11.881525,11.849193
497,warmup,7.057349,12.815957,12.308048
498,warmup,7.633209,13.795233,12.884300
499,warmup,8.249412,14.811093,13.593737
500,warmup,8.905580,15.851414,14.453066
501,warmup,9.600163,16.899333,15.479311
502,warmup,10.330080,17.932347,16.688893
503,warmup,11.090307,18.921470,18.096282
504,warmup,11.873423,19.830608,19.712163
505,warmup,12.669142,20.616351,21.541078
506,warmup,13.463863,21.228478,23.578564
507,warmup,14.240324,21.611489,25.807975
508,warmup,14.977441,21.707526,28.197308
509,warmup,15.650449,21.460899,30.696612
510,warmup,16.231494,20.824258,33.236763
511,warmup,16.690771,19.766011,35.730537
512,warmup,16.998295,18.278064,38.076823
513,warmup,17.126272,16.382396,40.168400
514,warmup,17.051884,14.134578,41.902936
515,warmup,16.760153,11.622520,43.195736
516,warmup,16.246390,8.959466,43.991802
517,warmup,15.517698,6.271781,44.274277
518,warmup,14.593106,3.683670,44.066866
519,warmup,13.502162,1.302179,43.429311
520,warmup,12.282164,-0.794134,42.447019
521,warmup,10.974534,-2.560599,41.217561
522,warmup,9.621021,-3.985559,39.837413
523,warmup,8.260363,-5.084583,38.391630
524,warmup,6.925868,-5.892124,36.947848
525,warmup,5.644069,-6.452919,35.554492
526,warmup,4.434370,-6.814770,34.242165
527,warmup,3.309456,-7.023423,33.026848
528,warmup,2.276168,-7.119550,31.913695
529,warmup,1.336596,-7.137437,30.900610
530,warmup,0.489193,-7.104832,29.981195
531,warmup,-0.270209,-7.043476,29.146940
532,warmup,-0.947536,-6.969942,28.388721
533,warmup,-1.549777,-6.896559,27.697731
534,warmup,-2.084455,-6.832278,27.066006
535,warmup,-2.559237,-6.783424,26.486662
536,warmup,-2.981656,-6.754320,25.953954
537,warmup,-3.358922,-6.747782,25.463240
538,warmup,-3.697808,-6.765512,25.010873
539,warmup,-4.004579,-6.808390,24.594092
540,warmup,-4.284960,-6.876698,24.210897
541,warmup,-4.544134,-6.970293,23.859936
542,warmup,-4.786749,-7.088720,23.540411
543,warmup,-5.016947,-7.231302,23.251986
544,warmup,-5.238382,-7.397194,22.994723
545,warmup,-5.454263,-7.585418,22.769024
546,warmup,-5.667379,-7.794875,22.575579
547,warmup,-5.880128,-8.024348,22.415328
548,warmup,-6.094550,-8.272491,22.289428
549,warmup,-6.312344,-8.537800,22.199215
550,warmup,-6.534890,-8.818587,22.146171
551,warmup,-6.763260,-9.112943,22.131891
552,warmup,-6.998228,-9.418689,22.158039
553,warmup,-7.240274,-9.733335,22.226300
554,warmup,-7.489580,-10.054034,22.338319
555,warmup,-7.746025,-10.377530,22.495635
556,warmup,-8.009176,-10.700124,22.699597
557,warmup,-8.278271,-11.017641,22.951267
558,warmup,-8.552208,-11.325412,23.251303
559,warmup,-8.829528,-11.618277,23.599841
560,warmup,-9.108403,-11.890607,23.996351
561,warmup,-9.386623,-12.136370,24.439493
562,warmup,-9.661598,-12.349217,24.926968
563,warmup,-9.930360,-12.522629,25.455381
564,warmup,-10.189587,-12.650093,26.020113
565,warmup,-10.435638,-12.725334,26.615235
566,warmup,-10.664607,-12.742590,27.233465
567,warmup,-10.872405,-12.696912,27.866187
568,warmup,-11.054856,-12.584492,28.503548
569,warmup,-11.207820,-12.402980,29.134651
570,warmup,-11.327336,-12.151781,29.747831
571,warmup,-11.409780,-11.832280,30.331028
572,warmup,-11.452030,-11.447992,30.872238
573,warmup,-11.451626,-11.004583,31.360006
574,warmup,-11.406922,-10.509762,31.783943
575,warmup,-11.317206,-9.973033,32.135211
576,warmup,-11.182789,-9.405312,32.406941
577,warmup,-11.005041,-8.818440,32.594532
578,warmup,-10.786381,-8.224625,32.695817
579,warmup,-10.530205,-7.635870,32.711068
580,warmup,-10.240772,-7.063426,32.642846
581,warmup,-9.923037,-6.517329,32.495719
582,warmup,-9.582466,-6.006044,32.275884
583,warmup,-9.224824,-5.536248,31.990721
584,warmup,-8.855967,-5.112749,31.648344
585,warmup,-8.481645,-4.738525,31.257171
586,warmup,-8.107333,-4.414878,30.825552
587,warmup,-7.738087,-4.141652,30.361466
588,warmup,-7.378444,-3.917504,29.872312
589,warmup,-7.032350,-3.740181,29.364767
590,warmup,-6.703133,-3.606804,28.844730
591,warmup,-6.393500,-3.514113,28.317306
592,warmup,-6.105561,-3.458685,27.786852
593,warmup,-5.840874,-3.437112,27.257042
594,warmup,-5.600497,-3.446136,26.730945
595,warmup,-5.385061,-3.482748,26.211120
596,warmup,-5.194830,-3.544253,25.699705
597,warmup,-5.029772,-3.628307,25.198497
598,warmup,-4.889626,-3.732933,24.709033
599,warmup,-4.773956,-3.856519,24.232652
600,warmup,-4.682213,-3.997806,23.770556
601,warmup,-4.613772,-4.155859,23.323861
602,warmup,-4.567981,-4.330047,22.893633
603,warmup,-4.544187,-4.520004,22.480932
604,warmup,-4.541769,-4.725601,22.086838
605,warmup,-4.560152,-4.946907,21.712481
606,warmup,-4.598828,-5.184159,21.359068
607,warmup,-4.657361,-5.437722,21.027904
608,warmup,-4.735397,-5.708061,20.720414
609,warmup,-4.832663,-5.995697,20.438169
610,warmup,-4.948967,-6.301178,20.182903
611,warmup,-5.084188,-6.625032,19.956535
612,warmup,-5.238272,-6.967726,19.761190
613,warmup,-5.411218,-7.329620,19.599214
614,warmup,-5.603058,-7.710909,19.473190
615,warmup,-5.813843,-8.111562,19.385951
616,warmup,-6.043615,-8.531254,19.340586
617,warmup,-6.292379,-8.969283,19.340433
618,warmup,-6.560069,-9.424483,19.389070
619,warmup,-6.846511,-9.895121,19.490280
620,warmup,-7.151372,-10.378789,19.648010
621,warmup,-7.474113,-10.872283,19.866289
622,warmup,-7.813930,-11.371483,20.149128
623,warmup,-8.169685,-11.871229,20.500377
624,warmup,-8.539840,-12.365213,20.923543
625,warmup,-8.922377,-12.845879,21.421551
626,warmup,-9.314727,-13.304374,21.996467
627,warmup,-9.713692,-13.730543,22.649161
628,warmup,-10.115377,-14.113001,23.378926
629,warmup,-10.515139,-14.439310,24.183071
630,warmup,-10.907557,-14.696273,25.056503
631,warmup,-11.286428,-14.870374,25.991334
632,warmup,-11.644823,-14.948376,26.976566
633,warmup,-11.975178,-14.918070,27.997903
634,warmup,-12.269467,-14.769140,29.037757
635,warmup,-12.519435,-14.494122,30.075512
636,warmup,-12.716903,-14.089338,31.088080
637,warmup,-12.854147,-13.555736,32.050792
638,warmup,-12.924306,-12.899484,32.938579
639,warmup,-12.921824,-12.132212,33.727385
640,warmup,-12.842862,-11.270808,34.395692
641,warmup,-12.685657,-10.336710,34.925967
642,warmup,-12.450762,-9.354738,35.305888
643,warmup,-12.141160,-8.351552,35.529134
644,warmup,-11.762199,-7.353912,35.595665
645,warmup,-11.321370,-6.386956,35.511430
646,warmup,-10.827929,-5.472690,35.287549
647,warmup,-10.292405,-4.628872,34.939127
648,warmup,-9.726052,-3.868380,34.483839
649,warmup,-9.140285,-3.199075,33.940510
650,warmup,-8.546164,-2.624105,33.327835
651,warmup,-7.953958,-2.142538,32.663353
652,warmup,-7.372816,-1.750192,31.962747
653,warmup,-6.810553,-1.440524,31.239445
654,warmup,-6.273550,-1.205494,30.504501
655,warmup,-5.766745,-1.036318,29.766675
656,warmup,-5.293702,-0.924076,29.032659
657,warmup,-4.856739,-0.860169,28.307372
658,warmup,-4.457082,-0.836639,27.594285
659,warmup,-4.095038,-0.846356,26.895727
660,warmup,-3.770170,-0.883112,26.213166
661,warmup,-3.481464,-0.941648,25.547443
662,warmup,-3.227482,-1.017616,24.898961
663,warmup,-3.006496,-1.107526,24.267833
664,warmup,-2.816599,-1.208658,23.653988
665,warmup,-2.655805,-1.318981,23.057258
666,warmup,-2.522122,-1.437061,22.477427
667,warmup,-2.413616,-1.561976,21.914274
668,warmup,-2.328452,-1.693243,21.367593
669,warmup,-2.264931,-1.830743,20.837217
670,warmup,-2.221512,-1.974667,20.323023
671,warmup,-2.196828,-2.125466,19.824943
672,warmup,-2.189692,-2.283803,19.342971
673,warmup,-2.199103,-2.450527,18.877167
674,warmup,-2.224245,-2.626642,18.427665
675,warmup,-2.264485,-2.813288,17.994684
676,warmup,-2.319365,-3.011724,17.578532
677,warmup,-2.388601,-3.223319,17.179624
678,warmup,-2.472073,-3.449541,16.798493
679,warmup,-2.569820,-3.691955,16.435808
680,warmup,-2.682033,-3.952214,16.092397
681,warmup,-2.809051,-4.232058,15.769266
682,warmup,-2.951352,-4.533305,15.467633
683,warmup,-3.109547,-4.857846,15.188956
684,warmup,-3.284377,-5.207633,14.934974
685,warmup,-3.476703,-5.584662,14.707747
686,warmup,-3.687499,-5.990947,14.509702
687,warmup,-3.917844,-6.428492,14.343693
688,warmup,-4.168908,-6.899240,14.213053
689,warmup,-4.441942,-7.405013,14.121661
690,warmup,-4.738249,-7.947431,14.074010
691,warmup,-5.059167,-8.527804,14.075272
692,warmup,-5.406031,-9.147002,14.131367
693,warmup,-5.780128,-9.805274,14.249020
694,warmup,-6.182642,-10.502046,14.435804
695,warmup,-6.614583,-11.235651,14.700153
696,warmup,-7.076690,-12.003024,15.051340
697,warmup,-7.569323,-12.799330,15.499388
698,warmup,-8.092324,-13.617548,16.054894
699,warmup,-8.644846,-14.448009,16.728739
700,warmup,-9.225162,-15.277912,17.531648
701,warmup,-9.830437,-16.090856,18.473549
702,warmup,-10.456479,-16.866439,19.562723
703,warmup,-11.097475,-17.580017,20.804686
704,warmup,-11.745729,-18.202715,22.200832
705,warmup,-12.391428,-18.701842,23.746852
706,warmup,-13.022469,-19.041850,25.431028
707,warmup,-13.624407,-19.185975,27.232586
708,warmup,-14.180564,-19.098671,29.120359
709,warmup,-14.672375,-18.748811,31.052115
710,warmup,-15.080018,-18.113505,32.974955
711,warmup,-15.383367,-17.182146,34.827143
712,warmup,-15.563245,-15.960080,36.541611
713,warmup,-15.602928,-14.471127,38.051075
714,warmup,-15.489748,-12.758154,39.294299
715,warmup,-15.216589,-10.881114,40.222657
716,warmup,-14.783041,-8.912431,40.805787
717,warmup,-14.195980,-6.930222,41.035161
718,warmup,-13.469405,-5.010451,40.924703
719,warmup,-12.623509,-3.219466,40.508256
720,warmup,-11.683105,-1.608291,39.834445
721,warmup,-10.675623,-0.209577,38.960091
722,warmup,-9.629019,0.962577,37.943529
723,warmup,-8.569859,1.910415,36.839015
724,warmup,-7.521832,2.648802,35.692922
725,warmup,-6.504768,3.200963,34.541872
726,warmup,-5.534195,3.594487,33.412540
727,warmup,-4.621327,3.858083,32.322613
728,warmup,-3.773386,4.019264,31.282382
729,warmup,-2.994121,4.102928,30.296523
730,warmup,-2.284416,4.130660,29.365769
731,warmup,-1.642909,4.120553,28.488320
732,warmup,-1.066562,4.087370,27.660935
733,warmup,-0.551169,4.042880,26.879716
734,warmup,-0.091764,3.996276,26.140640
735,warmup,0.317040,3.954607,25.439889
736,warmup,0.680797,3.923178,24.774030
737,warmup,1.005035,3.905908,24.140098
738,warmup,1.295122,3.905643,23.535618
739,warmup,1.556174,3.924405,22.958584
740,warmup,1.792997,3.963615,22.407426
741,warmup,2.010059,4.024253,21.880962
742,warmup,2.211478,4.107007,21.378359
743,warmup,2.401031,4.212373,20.899095
744,warmup,2.582165,4.340744,20.442927
745,warmup,2.758023,4.492473,20.009867
746,warmup,2.931468,4.667918,19.600174
747,warmup,3.105113,4.867477,19.214341
748,warmup,3.281350,5.091607,18.853100
749,warmup,3.462375,5.340833,18.517424
750,warmup,3.650221,5.615747,18.208545
751,warmup,3.846774,5.916999,17.927971
752,warmup,4.053796,6.245277,17.677506
753,warmup,4.272944,6.601277,17.459276
754,warmup,4.505778,6.985664,17.275764
755,warmup,4.753766,7.399017,17.129836
756,warmup,5.018291,7.841769,17.024772
757,warmup,5.300639,8.314120,16.964301
758,warmup,5.601987,8.815942,16.952621
759,warmup,5.923383,9.346655,16.994419
760,warmup,6.265710,9.905091,17.094873
761,warmup,6.629648,10.489324,17.259634
762,warmup,7.015616,11.096479,17.494782
763,warmup,7.423702,11.722520,17.806741
764,warmup,7.853584,12.362012,18.202140
765,warmup,8.304427,13.007875,18.687610
766,warmup,8.774771,13.651137,19.269503
767,warmup,9.262408,14.280707,19.953506
768,warmup,9.764238,14.883199,20.744150
769,warmup,10.276134,15.442845,21.644203
770,warmup,10.792805,15.941547,22.653952
771,warmup,11.307679,16.359120,23.770387
772,warmup,11.812823,16.673800,24.986347
773,warmup,12.298921,16.863059,26.289691
774,warmup,12.755335,16.904778,27.662607
775,warmup,13.170279,16.778766,29.081198
776,warmup,13.531128,16.468582,30.515510
777,warmup,13.824873,15.963519,31.930148
778,warmup,14.038738,15.260546,33.285613
779,warmup,14.160919,14.365907,34.540385
780,warmup,14.181418,13.296069,35.653653
781,warmup,14.092883,12.077712,36.588460
782,warmup,13.891366,10.746574,37.314865
783,warmup,13.576886,9.345146,37.812648
784,warmup,13.153712,7.919442,38.073091
785,warmup,12.630285,6.515263,38.099509
786,warmup,12.018783,5.174513,37.906418
787,warmup,11.334356,3.932137,37.517494
788,warmup,10.594134,2.814069,36.962710
789,warmup,9.816128,1.836407,36.275164
790,warmup,9.018156,1.005742,35.488090
791,warmup,8.216914,0.320397,34.632440
792,warmup,7.427263,-0.227789,33.735235
793,warmup,6.661757,-0.651482,32.818711
794,warmup,5.930433,-0.965978,31.900145
795,warmup,5.240792,-1.187614,30.992188
796,warmup,4.597952,-1.332552,30.103489
797,warmup,4.004901,-1.415944,29.239459
798,warmup,3.462817,-1.451423,28.403033
799,warmup,2.971393,-1.450866,27.595359
800,warmup,2.529167,-1.424333,26.816372
801,warmup,2.133817,-1.380154,26.065245
802,warmup,1.782420,-1.325068,25.340722
803,warmup,1.471671,-1.264418,24.641351
804,warmup,1.198062,-1.202346,23.965640
805,warmup,0.958021,-1.141988,23.312151
806,warmup,0.748020,-1.085658,22.679553
807,warmup,0.564653,-1.035003,22.066644
808,warmup,0.404687,-0.991150,21.472356
809,warmup,0.265103,-0.954822,20.895749
810,warmup,0.143111,-0.926440,20.335998
811,warmup,0.036156,-0.906208,19.792379
812,warmup,-0.058081,-0.894178,19.264254
813,warmup,-0.141691,-0.890310,18.751060
814,warmup,-0.216553,-0.894512,18.252294
815,warmup,-0.284348,-0.906676,17.767503
816,warmup,-0.346581,-0.926705,17.296281
817,warmup,-0.404594,-0.954535,16.838258
818,warmup,-0.459588,-0.990149,16.393100
819,warmup,-0.512644,-1.033592,15.960501
820,warmup,-0.564739,-1.084976,15.540187
821,warmup,-0.616762,-1.144491,15.131909
822,warmup,-0.669535,-1.212412,14.735450
823,warmup,-0.723823,-1.289099,14.350622
824,warmup,-0.780351,-1.375005,13.977270
825,warmup,-0.839816,-1.470681,13.615273
826,warmup,-0.902903,-1.576780,13.264550
827,warmup,-0.970290,-1.694059,12.925065
828,warmup,-1.042667,-1.823389,12.596834
829,warmup,-1.120739,-1.965759,12.279930
830,warmup,-1.205241,-2.122282,11.974497
831,warmup,-1.296945,-2.294205,11.680755
832,warmup,-1.396671,-2.482915,11.399023
833,warmup,-1.505296,-2.689947,11.129727
834,warmup,-1.623761,-2.916995,10.873426
835,warmup,-1.753084,-3.165920,10.630833
836,warmup,-1.894368,-3.438757,10.402846
837,warmup,-2.048807,-3.737724,10.190579
838,warmup,-2.217698,-4.065227,9.995409
839,warmup,-2.402451,-4.423862,9.819019
840,warmup,-2.604592,-4.816413,9.663460
841,warmup,-2.825774,-5.245841,9.531216
842,warmup,-3.067781,-5.715269,9.425285
843,warmup,-3.332530,-6.227948,9.349276
844,warmup,-3.622072,-6.787209,9.307511
845,warmup,-3.938585,-7.396392,9.305148
846,warmup,-4.284366,-8.058741,9.348324
847,warmup,-4.661804,-8.777260,9.444301
848,warmup,-5.073349,-9.554517,9.601632
849,warmup,-5.521466,-10.392386,9.830322
850,warmup,-6.008558,-11.291694,10.141992
851,warmup,-6.536872,-12.251786,10.550007
852,warmup,-7.108363,-13.269952,11.069557
853,warmup,-7.724522,-14.340730,11.717645
854,warmup,-8.386143,-15.455057,12.512928
855,warmup,-9.093034,-16.599274,13.475333
856,warmup,-9.843658,-17.754014,14.625368
857,warmup,-10.634694,-18.893027,15.983003
858,warmup,-11.460527,-19.982068,17.566005
859,warmup,-12.312681,-20.978038,19.387629
860,warmup,-13.179217,-21.828671,21.453584
861,warmup,-14.044162,-22.473151,23.758336
862,warmup,-14.887061,-22.844126,26.280946
863,warmup,-15.682768,-22.871601,28.980940
864,warmup,-16.401651,-22.489046,31.795015
865,warmup,-17.010390,-21.641711,34.635723
866,warmup,-17.473522,-20.296531,37.393443
867,warmup,-17.755823,-18.452201,39.942804
868,warmup,-17.825461,-16.147135,42.154002
869,warmup,-17.657628,-13.462648,43.908197
870,warmup,-17.238130,-10.519011,45.114496
871,warmup,-16.566218,-7.463602,45.724724
872,warmup,-15.655957,-4.452649,45.741834
873,warmup,-14.535626,-1.630469,45.219157
874,warmup,-13.245110,0.888748,44.250312
875,warmup,-11.831725,3.032232,42.952588
876,warmup,-10.345329,4.771059,41.448420
877,warmup,-8.833690,6.114632,39.849547
878,warmup,-7.338858,7.100237,38.246745
879,warmup,-5.894948,7.781229,36.705755
880,warmup,-4.527331,8.216617,35.268236
881,warmup,-3.252936,8.463507,33.955756
882,warmup,-2.081292,8.572609,32.774957
883,warmup,-1.015901,8.586264,31.722537
884,warmup,-0.055685,8.538219,30.789375
885,warmup,0.803705,8.454390,29.963570
886,warmup,1.568774,8.354065,29.232490
887,warmup,2.247303,8.251189,28.584013
888,warmup,2.847692,8.155552,28.007202
889,warmup,3.378478,8.073792,27.492588
890,warmup,3.848009,8.010197,27.032224
891,warmup,4.264228,7.967335,26.619598
892,warmup,4.634539,7.946525,26.249487
893,warmup,4.965737,7.948188,25.917786
894,warmup,5.263982,7.972103,25.621331
895,warmup,5.534794,8.017595,25.357745
896,warmup,5.783074,8.083663,25.125296
897,warmup,6.013133,8.169072,24.922772
898,warmup,6.228727,8.272419,24.749382
899,warmup,6.433096,8.392167,24.604665
900,warmup,6.629003,8.526671,24.488417
901,warmup,6.818770,8.674187,24.400626
902,warmup,7.004312,8.832878,24.341415
903,warmup,7.187168,9.000808,24.310993
904,warmup,7.368532,9.175935,24.309603
905,warmup,7.549273,9.356104,24.337479
906,warmup,7.729956,9.539036,24.394797
907,warmup,7.910864,9.722327,24.481633
908,warmup,8.092010,9.903437,24.597909
909,warmup,8.273153,10.079700,24.743352
910,warmup,8.453807,10.248330,24.917438
911,warmup,8.633260,10.406441,25.119347
912,warmup,8.810578,10.551070,25.347913
913,warmup,8.984627,10.679224,25.601579
914,warmup,9.154087,10.787921,25.878359
915,warmup,9.317470,10.874259,26.175805
916,warmup,9.473149,10.935485,26.490989
917,warmup,9.619383,10.969081,26.820498
918,warmup,9.754352,10.972851,27.160442
919,warmup,9.876202,10.945016,27.506494
920,warmup,9.983084,10.884305,27.853940
921,warmup,10.073206,10.790044,28.197757
922,warmup,10.144890,10.662223,28.532720
923,warmup,10.196623,10.501557,28.853518
924,warmup,10.227116,10.309511,29.154895
925,warmup,10.235356,10.088303,29.431797
926,warmup,10.220650,9.840871,29.679523
927,warmup,10.182672,9.570804,29.893870
928,warmup,10.121486,9.282249,30.071264
929,warmup,10.037562,8.979784,30.208865
930,warmup,9.931784,8.668270,30.304647
931,warmup,9.805433,8.352695,30.357437
932,warmup,9.660159,8.038011,30.366923
933,warmup,9.497944,7.728982,30.333623
934,warmup,9.321048,7.430046,30.258821
935,warmup,9.131948,7.145200,30.144477
936,warmup,8.933273,6.877916,29.993120
937,warmup,8.727737,6.631086,29.807727
938,warmup,8.518072,6.407001,29.591598
939,warmup,8.306965,6.207358,29.348241
940,warmup,8.097004,6.033286,29.081265
941,warmup,7.890633,5.885403,28.794280
942,warmup,7.690110,5.763876,28.490828
943,warmup,7.497486,5.668492,28.174321
944,warmup,7.314587,5.598737,27.848000
945,warmup,7.143002,5.553868,27.514911
946,warmup,6.984088,5.532979,27.177893
947,warmup,6.838977,5.535066,26.839577
948,warmup,6.708586,5.559076,26.502397
949,warmup,6.593635,5.603954,26.168602
950,warmup,6.494667,5.668670,25.840277
951,warmup,6.412067,5.752250,25.519364
952,warmup,6.346086,5.853787,25.207686
953,warmup,6.296856,5.972452,24.906967
954,warmup,6.264415,6.107491,24.618858
955,warmup,6.248723,6.258225,24.344954
956,warmup,6.249673,6.424037,24.086814
957,warmup,6.267110,6.604358,23.845981
958,warmup,6.300834,6.798651,23.623990
959,warmup,6.350616,7.006390,23.422389
960,warmup,6.416193,7.227032,23.242741
961,warmup,6.497277,7.459997,23.086635
962,warmup,6.593549,7.704632,22.955688
963,warmup,6.704658,7.960185,22.851545
964,warmup,6.830210,8.225769,22.775873
965,warmup,6.969766,8.500331,22.730354
966,warmup,7.122823,8.782609,22.716664
967,warmup,7.288801,9.071106,22.736456
968,warmup,7.467032,9.364044,22.791326
969,warmup,7.656733,9.659337,22.882773
970,warmup,7.856993,9.954556,23.012156
971,warmup,8.066750,10.246905,23.180627
972,warmup,8.284765,10.533203,23.389069
973,warmup,8.509609,10.809875,23.638012
974,warmup,8.739636,11.072965,23.927543
975,warmup,8.972968,11.318153,24.257212
976,warmup,9.207487,11.540811,24.625927
977,warmup,9.440819,11.736070,25.031854
978,warmup,9.670344,11.898927,25.472319
979,warmup,9.893203,12.024373,25.943725
980,warmup,10.106320,12.107560,26.441488
981,warmup,10.306444,12.143993,26.960010
982,warmup,10.490199,12.129739,27.492690
983,warmup,10.654153,12.061660,28.031986
984,warmup,10.794903,11.937635,28.569534
985,warmup,10.909177,11.756778,29.096336
986,warmup,10.993937,11.519609,29.603001
987,warmup,11.046504,11.228180,30.080046
988,warmup,11.064672,10.886126,30.518233
989,warmup,11.046817,10.498631,30.908928
990,warmup,10.991998,10.072300,31.244454
991,warmup,10.900029,9.614947,31.518416
992,warmup,10.771520,9.135289,31.725957
993,warmup,10.607897,8.642594,31.863941
994,warmup,10.411367,8.146285,31.931033
995,warmup,10.184859,7.655548,31.927678
996,warmup,9.931928,7.178964,31.855981
997,warmup,9.656631,6.724201,31.719497
998,warmup,9.363388,6.297781,31.522975
999,warmup,9.056828,5.904934,31.272048
1000,sample,8.741638,5.549541,30.972927
1001,sample,8.422429,5.234163,30.632103
1002,sample,8.103602,4.960134,30.256090
1003,sample,7.789255,4.727708,29.851211
1004,sample,7.483100,4.536235,29.423432
1005,sample,7.188414,4.384356,28.978258
1006,sample,6.908008,4.270191,28.520670
1007,sample,6.644227,4.191522,28.055104
1008,sample,6.398956,4.145945,27.585462
1009,sample,6.173655,4.131012,27.115147
1010,sample,5.969391,4.144329,26.647111
1011,sample,5.786885,4.183645,26.183912
1012,sample,5.626561,4.246904,25.727778
1013,sample,5.488595,4.332283,25.280658
1014,sample,5.372964,4.438214,24.844289
1015,sample,5.279489,4.563387,24.420238
1016,sample,5.207879,4.706746,24.009955
1017,sample,5.157765,4.867475,23.614811
1018,sample,5.128736,5.044978,23.236136
1019,sample,5.120360,5.238854,22.875249
1020,sample,5.132210,5.448872,22.533491
1021,sample,5.163876,5.674936,22.212245
1022,sample,5.214982,5.917059,21.912965
1023,sample,5.285190,6.175326,21.637193
1024,sample,5.374203,6.449859,21.386579
1025,sample,5.481769,6.740779,21.162899
1026,sample,5.607670,7.048165,20.968069
1027,sample,5.751719,7.372011,20.804158
1028,sample,5.913749,7.712176,20.673398
1029,sample,6.093591,8.068331,20.578186
1030,sample,6.291065,8.439903,20.521085
1031,sample,6.505949,8.826007,20.504816
1032,sample,6.737955,9.225380,20.532237
1033,sample,6.986697,9.636300,20.606312
1034,sample,7.251658,10.056512,20.730070
1035,sample,7.532143,10.483137,20.906532
1036,sample,7.827243,10.912596,21.138629
1037,sample,8.135778,11.340526,21.429088
1038,sample,8.456253,11.761716,21.780285
1039,sample,8.786799,12.170054,22.194078
1040,sample,9.125125,12.558508,22.671594
1041,sample,9.468463,12.919146,23.212998
1042,sample,9.813531,13.243210,23.817229
1043,sample,10.156499,13.521256,24.481730
1044,sample,10.492975,13.743376,25.202170
1045,sample,10.818015,13.899518,25.972201
1046,sample,11.126165,13.979891,26.783261
1047,sample,11.411538,13.975468,27.624466
1048,sample,11.667931,13.878567,28.482630
1049,sample,11.888994,13.683469,29.342434
1050,sample,12.068442,13.387032,30.186796
1051,sample,12.200301,12.989250,30.997421
1052,sample,12.279196,12.493663,31.755551
1053,sample,12.300642,11.907575,32.442858
1054,sample,12.261336,11.241999,33.042423
1055,sample,12.159402,10.511310,33.539711
1056,sample,11.994593,9.732602,33.923431
1057,sample,11.768394,8.924784,34.186192
1058,sample,11.484033,8.107521,34.324864
1059,sample,11.146382,7.300096,34.340605
1060,sample,10.761753,6.520347,34.238552
1061,sample,10.337612,5.783766,34.027228
1062,sample,9.882228,5.102857,33.717738
1063,sample,9.404291,4.486789,33.322874
1064,sample,8.912541,3.941342,32.856215
1065,sample,8.415421,3.469117,32.331323
1066,sample,7.920790,3.069926,31.761095
1067,sample,7.435704,2.741319,31.157295
1068,sample,6.966265,2.479138,30.530270
1069,sample,6.517553,2.278082,29.888833
1070,sample,6.093606,2.132195,29.240273
1071,sample,5.697465,2.035296,28.590460
1072,sample,5.331248,1.981302,27.944008
1073,sample,4.996253,1.964474,27.304462
1074,sample,4.693075,1.979580,26.674493
1075,sample,4.421726,2.021991,26.056077
1076,sample,4.181752,2.087726,25.450655
1077,sample,3.972350,2.173456,24.859274
1078,sample,3.792460,2.276482,24.282698
1079,sample,3.640862,2.394695,23.721494
1080,sample,3.516246,2.526522,23.176108
1081,sample,3.417273,2.670877,22.646917
1082,sample,3.342634,2.827097,22.134270
1083,sample,3.291080,2.994896,21.638523
1084,sample,3.261462,3.174309,21.160060
1085,sample,3.252746,3.365648,20.699321
1086,sample,3.264036,3.569464,20.256815
1087,sample,3.294579,3.786509,19.833142
1088,sample,3.343772,4.017708,19.429007
1089,sample,3.411166,4.264125,19.045243
1090,sample,3.496462,4.526946,18.682827
1091,sample,3.599510,4.807448,18.342901
1092,sample,3.720304,5.106981,18.026801
1093,sample,3.858972,5.426945,17.736082
1094,sample,4.015769,5.768757,17.472544
1095,sample,4.191068,6.133828,17.238269
1096,sample,4.385344,6.523521,17.035655
1097,sample,4.599162,6.939110,16.867450
1098,sample,4.833156,7.381723,16.736792
1099,sample,5.088013,7.852274,16.647248
1100,sample,5.364439,8.351381,16.602846
1101,sample,5.663133,8.879260,16.608108
1102,sample,5.984746,9.435606,16.668070
1103,sample,6.329832,10.019437,16.788285
1104,sample,6.698793,10.628925,16.974811
1105,sample,7.091806,11.261191,17.234159
1106,sample,7.508744,11.912071,17.573203
1107,sample,7.949077,12.575872,17.999031
1108,sample,8.411757,13.245098,18.518723
1109,sample,8.895091,13.910189,19.139036
1110,sample,9.396601,14.559278,19.865985
1111,sample,9.912868,15.178006,20.704303
1112,sample,10.439382,15.749439,21.656764
1113,sample,10.970388,16.254139,22.723394
1114,sample,11.498763,16.670462,23.900579
1115,sample,12.015933,16.975140,25.180127
1116,sample,12.511854,17.144223,26.548379
1117,sample,12.975090,17.154405,27.985482
1118,sample,13.393022,16.984745,29.465002
1119,sample,13.752194,16.618689,30.954039
1120,sample,14.038844,16.046257,32.414033
1121,sample,14.239585,15.266115,33.802367
1122,sample,14.342238,14.287221,35.074802
1123,sample,14.336736,13.129664,36.188582
1124,sample,14.216029,11.824392,37.105918
1125,sample,13.976865,10.411648,37.797386
1126,sample,13.620344,8.938164,38.244678
1127,sample,13.152126,7.453422,38.442228
1128,sample,12.582255,6.005513,38.397386
1129,sample,11.924581,4.637232,38.129084
1130,sample,11.195846,3.383009,37.665279
1131,sample,10.414563,2.267069,37.039628
1132,sample,9.599813,1.302961,36.288010
1133,sample,8.770128,0.494298,35.445412
1134,sample,7.942545,-0.163618,34.543551
1135,sample,7.131929,-0.681706,33.609395
1136,sample,6.350565,-1.074947,32.664525
1137,sample,5.608014,-1.360421,31.725206
1138,sample,4.911170,-1.555727,30.802908
1139,sample,4.264481,-1.677825,29.905093
1140,sample,3.670250,-1.742289,29.036073
1141,sample,3.128996,-1.762893,28.197831
1142,sample,2.639807,-1.751454,27.390728
1143,sample,2.200681,-1.717856,26.614074
1144,sample,1.808827,-1.670178,25.866561
1145,sample,1.460927,-1.614886,25.146575
1146,sample,1.153346,-1.557050,24.452408
1147,sample,0.882306,-1.500564,23.782385
1148,sample,0.644019,-1.448346,23.134949
1149,sample,0.434783,-1.402531,22.508689
1150,sample,0.251051,-1.364630,21.902359
1151,sample,0.089483,-1.335676,21.314871
1152,sample,-0.053033,-1.316337,20.745279
1153,sample,-0.179363,-1.307021,20.192769
1154,sample,-0.292129,-1.307954,19.656640
1155,sample,-0.393711,-1.319248,19.136284
1156,sample,-0.486265,-1.340953,18.631177
1157,sample,-0.571734,-1.373100,18.140866
1158,sample,-0.651870,-1.415737,17.664960
1159,sample,-0.728257,-1.468951,17.203123
1160,sample,-0.802327,-1.532891,16.755071
1161,sample,-0.875383,-1.607783,16.320568
1162,sample,-0.948623,-1.693945,15.899427
1163,sample,-1.023155,-1.791794,15.491512
1164,sample,-1.100019,-1.901857,15.096737
1165,sample,-1.180203,-2.024777,14.715078
1166,sample,-1.264660,-2.161318,14.346573
1167,sample,-1.354326,-2.312375,13.991331
1168,sample,-1.450131,-2.478974,13.649546
1169,sample,-1.553015,-2.662285,13.321506
1170,sample,-1.663942,-2.863621,13.007612
1171,sample,-1.783910,-3.084449,12.708391
1172,sample,-1.913964,-3.326393,12.424525
1173,sample,-2.055207,-3.591238,12.156870
1174,sample,-2.208810,-3.880935,11.906494
1175,sample,-2.376023,-4.197601,11.674710
1176,sample,-2.558180,-4.543517,11.463120
1177,sample,-2.756714,-4.921125,11.273669
1178,sample,-2.973155,-5.333011,11.108699
1179,sample,-3.209141,-5.781886,10.971025
1180,sample,-3.466415,-6.270551,10.864014
1181,sample,-3.746829,-6.801850,10.791670
1182,sample,-4.052331,-7.378598,10.758746
1183,sample,-4.384958,-8.003484,10.770851
1184,sample,-4.746810,-8.678941,10.834578
1185,sample,-5.140023,-9.406961,10.957629
1186,sample,-5.566717,-10.188873,11.148945
1187,sample,-6.028933,-11.025035,11.418826
1188,sample,-6.528543,-11.914453,11.779016
1189,sample,-7.067134,-12.854302,12.242749
1190,sample,-7.645851,-13.839345,12.824706
1191,sample,-8.265200,-14.861232,13.540850
1192,sample,-8.924803,-15.907697,14.408071
1193,sample,-9.623093,-16.961673,15.443586
1194,sample,-10.356951,-18.000372,16.663995
1195,sample,-11.121293,-18.994433,18.083911
1196,sample,-11.908607,-19.907286,19.714100
1197,sample,-12.708475,-20.694948,21.559071
1198,sample,-13.507122,-21.306542,23.614175
1199,sample,-14.287064,-21.685876,25.862364
