timestamp_utc,profile,coord_x,coord_y,nbytes,repeats,repeat_index,dt,warmup,quant_k,size,scale,seed_strategy,memory_type,chaos_engine,t_field_s,t_seed_s,t_keystream_s,t_xor_s,t_decrypt_s,t_hmac_s,t_aes256ctr_s,throughput_keystream_bps,throughput_xor_bps,throughput_hmac_bps,throughput_ratio_xor_to_hmac,throughput_aes256ctr_bps,throughput_ratio_chaos_to_aes256ctr,keystream_sha256,hmac_sha256,field_fingerprint,token_fingerprint,keystream_preview_base64
2026-05-17T10:29:51.842027+00:00,alice,12,34,262144,3,0,0.01,100,100000.0,128,0.1,neighborhood3,opensimplex,lorenz,0.26211148500442505,1.4880002709105611e-05,0.11332250499981456,0.009729732999403495,,0.0007521389998146333,0.014288951999333221,2313256.3121546684,26942568.723732848,348531322.0888773,0.07730314900324038,18345922.081075832,0.12609103548634584,ea892f6ff3f745aaa7d78d99620cf07f0e93e6fb6ecd465db87ac3b2fd35876c,f2923f2c95fa836fc442f40199a2b4cac7c071b79fced0b9e9004659bc08c324,e0e02ef8ed5c2cd3b3b86039fb6e6dccba9930092109da24c9141265a77b6d48,2bb80d537b1da3e38bd30361aa855686bde0eacd7162fef6a25fe97bf527a25b,
2026-05-17T10:29:52.342607+00:00,alice,12,34,262144,3,1,0.01,100,100000.0,128,0.1,neighborhood3,opensimplex,lorenz,0.2617982089941506,2.2649001039098948e-05,0.11264350099372678,0.010046183000667952,,0.0005594719987129793,0.0009767250012373552,2327200.394939776,26093890.58337585,468556068.2269021,0.05569000670959119,268390795.43157518,0.008670939669140343,ea892f6ff3f745aaa7d78d99620cf07f0e93e6fb6ecd465db87ac3b2fd35876c,f2923f2c95fa836fc442f40199a2b4cac7c071b79fced0b9e9004659bc08c324,e0e02ef8ed5c2cd3b3b86039fb6e6dccba9930092109da24c9141265a77b6d48,2bb80d537b1da3e38bd30361aa855686bde0eacd7162fef6a25fe97bf527a25b,
2026-05-17T10:29:52.829234+00:00,alice,12,34,262144,3,2,0.01,100,100000.0,128,0.1,neighborhood3,opensimplex,lorenz,0.23912391499470687,1.109000004362315e-05,0.11235641100211069,0.00966217400127789,,0.00021942499733995646,0.000535111001227051,2333146.7929771757,27130954.16883712,1194686125.9105258,0.02270969217806841,489887143.78677225,0.004762620988463209,ea892f6ff3f745aaa7d78d99620cf07f0e93e6fb6ecd465db87ac3b2fd35876c,f2923f2c95fa836fc442f40199a2b4cac7c071b79fced0b9e9004659bc08c324,e0e02ef8ed5c2cd3b3b86039fb6e6dccba9930092109da24c9141265a77b6d48,2bb80d537b1da3e38bd30361aa855686bde0eacd7162fef6a25fe97bf527a25b,
2026-05-17T10:29:53.367154+00:00,alice,12,34,262144,3,0,0.01,100,100000.0,128,0.1,neighborhood3,opensimplex,rossler,0.2885046060036984,9.89199907053262e-06,0.10130009199929191,0.009049865999259055,,0.00019894599972758442,0.0004761010059155524,2587796.267764815,28966616.745647136,1317664091.557268,0.021983308895830375,550605851.9996015,0.0046999069449895495,01e73ad8d93d79098c901a2cc068087e46d9f47b360d0610ee62c7ad1d5dadb6,c69f40ad9189bfdd75959746bccf8306a133860c96a896618ce72cfb1f9fe699,e0e02ef8ed5c2cd3b3b86039fb6e6dccba9930092109da24c9141265a77b6d48,2bb80d537b1da3e38bd30361aa855686bde0eacd7162fef6a25fe97bf527a25b,
2026-05-17T10:29:54.052805+00:00,alice,12,34,262144,3,1,0.01,100,100000.0,128,0.1,neighborhood3,opensimplex,rossler,0.3342674800005625,1.2188000255264342e-05,0.14376613300555618,0.016155302000697702,,0.000212030005059205,0.0004938139973091893,1823405.79467258,16226499.510109978,1236353316.724214,0.013124484150778985,530855750.19831824,0.0034348423163757537,01e73ad8d93d79098c901a2cc068087e46d9f47b360d0610ee62c7ad1d5dadb6,c69f40ad9189bfdd75959746bccf8306a133860c96a896618ce72cfb1f9fe699,e0e02ef8ed5c2cd3b3b86039fb6e6dccba9930092109da24c9141265a77b6d48,2bb80d537b1da3e38bd30361aa855686bde0eacd7162fef6a25fe97bf527a25b,
2026-05-17T10:29:54.736066+00:00,alice,12,34,262144,3,2,0.01,100,100000.0,128,0.1,neighborhood3,opensimplex,rossler,0.3263146629979019,1.0256000678054988e-05,0.184407597000245,0.015371146997495089,,0.0002807319979183376,0.0009146600059466437,1421546.6405088056,17054290.09576966,933787391.3334786,0.018263568617493946,286602670.1677957,0.00495999091591345,01e73ad8d93d79098c901a2cc068087e46d9f47b360d0610ee62c7ad1d5dadb6,c69f40ad9189bfdd75959746bccf8306a133860c96a896618ce72cfb1f9fe699,e0e02ef8ed5c2cd3b3b86039fb6e6dccba9930092109da24c9141265a77b6d48,2bb80d537b1da3e38bd30361aa855686bde0eacd7162fef6a25fe97bf527a25b,
2026-05-17T10:29:55.168644+00:00,alice,12,34,262144,3,0,0.01,100,100000.0,128,0.1,neighborhood3,perlin,lorenz,0.11931742399610812,1.2146003427915275e-05,0.12314063999656355,0.014530881002428941,,0.0002633640033309348,0.0016049420009949245,2128817.9110269006,18040475.312968343,995367615.4846349,0.018124434663453072,163335497.3808982,0.01303340636397304,4f60c871c9ffb7c57b6a179c2436f3b1af47a53c9a795b46f25e82d18a63f61b,83ef0f0d36ce5747d3152f495af34db8c092eb4de583d0d2e71301d633a518d6,3c0bf62b9eb2dac6d22a7ffc6ea8d7f78ebd05434392fec7aa49b43848145644,2bb80d537b1da3e38bd30361aa855686bde0eacd7162fef6a25fe97bf527a25b,
2026-05-17T10:29:55.614950+00:00,alice,12,34,262144,3,1,0.01,100,100000.0,128,0.1,neighborhood3,perlin,lorenz,0.1399262999984785,1.5300000086426735e-05,0.12912847400002647,0.029940070999145973,,0.0004210319966659881,0.0014303720017778687,2030102.206581844,8755623.859658768,622622513.4332565,0.014062491591218935,183269806.50779682,0.011077123096626817,4f60c871c9ffb7c57b6a179c2436f3b1af47a53c9a795b46f25e82d18a63f61b,83ef0f0d36ce5747d3152f495af34db8c092eb4de583d0d2e71301d633a518d6,3c0bf62b9eb2dac6d22a7ffc6ea8d7f78ebd05434392fec7aa49b43848145644,2bb80d537b1da3e38bd30361aa855686bde0eacd7162fef6a25fe97bf527a25b,
2026-05-17T10:29:56.254060+00:00,alice,12,34,262144,3,2,0.01,100,100000.0,128,0.1,neighborhood3,perlin,lorenz,0.3081245819994365,2.774600579869002e-05,0.17426682200311916,0.012145558001066092,,0.0002168120045098476,0.0006619150008191355,1504267.978188688,21583528.725233536,1209084342.8740747,0.017851135739569698,396038765.81674474,0.0037982846832846245,4f60c871c9ffb7c57b6a179c2436f3b1af47a53c9a795b46f25e82d18a63f61b,83ef0f0d36ce5747d3152f495af34db8c092eb4de583d0d2e71301d633a518d6,3c0bf62b9eb2dac6d22a7ffc6ea8d7f78ebd05434392fec7aa49b43848145644,2bb80d537b1da3e38bd30361aa855686bde0eacd7162fef6a25fe97bf527a25b,
2026-05-17T10:29:56.714096+00:00,alice,12,34,262144,3,0,0.01,100,100000.0,128,0.1,neighborhood3,perlin,rossler,0.13909918599529192,2.2662999981548637e-05,0.14422000000195112,0.015487409000343177,,0.0002060469996649772,0.00046610400022473186,1817667.4524785294,16926265.71650502,1272253419.9781308,0.013304162088081455,562415254.6933889,0.003231895716394578,55c93d63f46d927bc86c00fefa21330bd18c4a71fae619840257047d15585867,3131e63912acd21faa0592d8c22cc15d9d3020aa9da41f9731bab8abb3c1150a,3c0bf62b9eb2dac6d22a7ffc6ea8d7f78ebd05434392fec7aa49b43848145644,2bb80d537b1da3e38bd30361aa855686bde0eacd7162fef6a25fe97bf527a25b,
2026-05-17T10:29:57.085738+00:00,alice,12,34,262144,3,1,0.01,100,100000.0,128,0.1,neighborhood3,perlin,rossler,0.1401766109993332,1.1988006008323282e-05,0.1040136169976904,0.011544626999238972,,0.00021617900347337127,0.000737205999030266,2520285.396918952,22707013.402622767,1212624703.54708,0.01872550784773054,355591246.3338998,0.007087591224201303,55c93d63f46d927bc86c00fefa21330bd18c4a71fae619840257047d15585867,3131e63912acd21faa0592d8c22cc15d9d3020aa9da41f9731bab8abb3c1150a,3c0bf62b9eb2dac6d22a7ffc6ea8d7f78ebd05434392fec7aa49b43848145644,2bb80d537b1da3e38bd30361aa855686bde0eacd7162fef6a25fe97bf527a25b,
2026-05-17T10:29:57.441213+00:00,alice,12,34,262144,3,2,0.01,100,100000.0,128,0.1,neighborhood3,perlin,rossler,0.11867768700176384,1.3404998753685504e-05,0.11102396999922348,0.008922183005779516,,0.00026038299984065816,0.00040403700404567644,2361147.77738387,29381150.31155393,1006763114.9515117,0.029183777072493363,648811859.7433332,0.0036391871417361704,55c93d63f46d927bc86c00fefa21330bd18c4a71fae619840257047d15585867,3131e63912acd21faa0592d8c22cc15d9d3020aa9da41f9731bab8abb3c1150a,3c0bf62b9eb2dac6d22a7ffc6ea8d7f78ebd05434392fec7aa49b43848145644,2bb80d537b1da3e38bd30361aa855686bde0eacd7162fef6a25fe97bf527a25b,
2026-05-17T10:29:57.963385+00:00,alice,12,34,262144,3,0,0.01,100,100000.0,128,0.1,window_mean_3x3,opensimplex,lorenz,0.2508458660013275,0.000273122001090087,0.12244887499400647,0.010894979001022875,,0.00022239700047066435,0.0010993230025633238,2140844.495409461,24060991.762846775,1178720933.489292,0.02041279753267855,238459487.6926537,0.00897781218992116,31cd006166568ec8c50fbcdc4c14da4e7c252e29683d185daa92240a1b4b5738,5b21fab8eea2c9d11bb9d0aacdc07de620b19b7b3307b4a48c74511c13e427e5,e0e02ef8ed5c2cd3b3b86039fb6e6dccba9930092109da24c9141265a77b6d48,2bb80d537b1da3e38bd30361aa855686bde0eacd7162fef6a25fe97bf527a25b,
2026-05-17T10:29:58.475047+00:00,alice,12,34,262144,3,1,0.01,100,100000.0,128,0.1,window_mean_3x3,opensimplex,lorenz,0.26773020799737424,0.00020750099793076515,0.10689654499583412,0.008636874001240358,,0.00022562300000572577,0.0007624249992659315,2452314.9930637707,30351722.15808092,1161867362.7837029,0.02612322467287628,343829229.4355434,0.0071323633452853325,31cd006166568ec8c50fbcdc4c14da4e7c252e29683d185daa92240a1b4b5738,5b21fab8eea2c9d11bb9d0aacdc07de620b19b7b3307b4a48c74511c13e427e5,e0e02ef8ed5c2cd3b3b86039fb6e6dccba9930092109da24c9141265a77b6d48,2bb80d537b1da3e38bd30361aa855686bde0eacd7162fef6a25fe97bf527a25b,
2026-05-17T10:29:59.041077+00:00,alice,12,34,262144,3,2,0.01,100,100000.0,128,0.1,window_mean_3x3,opensimplex,lorenz,0.28923673299868824,0.0003847759944619611,0.12435321899829432,0.012410843002726324,,0.0002466629957780242,0.0007906019964138977,2108059.6233186023,21122175.17717484,1062761761.9462767,0.01987479784603182,331575180.9242356,0.00635771235181891,31cd006166568ec8c50fbcdc4c14da4e7c252e29683d185daa92240a1b4b5738,5b21fab8eea2c9d11bb9d0aacdc07de620b19b7b3307b4a48c74511c13e427e5,e0e02ef8ed5c2cd3b3b86039fb6e6dccba9930092109da24c9141265a77b6d48,2bb80d537b1da3e38bd30361aa855686bde0eacd7162fef6a25fe97bf527a25b,
2026-05-17T10:29:59.883368+00:00,alice,12,34,262144,3,0,0.01,100,100000.0,128,0.1,window_mean_3x3,opensimplex,rossler,0.5251938499932294,0.00019534400053089485,0.18374576700443868,0.011288897003396414,,0.00026825199893210083,0.0008586059993831441,1426666.879317375,23221400.6311804,977230369.367548,0.023762463139790687,305313496.7474423,0.004672793356716637,1f2c09af8ea8c2ffc6a911a3227a1b6a0cd2dbdc5d81ba1b261e7f19828e8062,344cb603b1548432822abe077b77a392af218ef544b230dabb9450fcf0761e3f,e0e02ef8ed5c2cd3b3b86039fb6e6dccba9930092109da24c9141265a77b6d48,2bb80d537b1da3e38bd30361aa855686bde0eacd7162fef6a25fe97bf527a25b,
2026-05-17T10:30:00.423164+00:00,alice,12,34,262144,3,1,0.01,100,100000.0,128,0.1,window_mean_3x3,opensimplex,rossler,0.2927928060016711,0.00016332700033672154,0.1120982139982516,0.010892443999182433,,0.00021506600023712963,0.0004951660012011416,2338520.7547025564,24066591.48485648,1218900243.2321362,0.01974451282497042,529406298.82525873,0.0044172514756467465,1f2c09af8ea8c2ffc6a911a3227a1b6a0cd2dbdc5d81ba1b261e7f19828e8062,344cb603b1548432822abe077b77a392af218ef544b230dabb9450fcf0761e3f,e0e02ef8ed5c2cd3b3b86039fb6e6dccba9930092109da24c9141265a77b6d48,2bb80d537b1da3e38bd30361aa855686bde0eacd7162fef6a25fe97bf527a25b,
2026-05-17T10:30:00.929506+00:00,alice,12,34,262144,3,2,0.01,100,100000.0,128,0.1,window_mean_3x3,opensimplex,rossler,0.2791870729997754,0.00011368699779268354,0.10505206500238273,0.009003641003801022,,0.00021274000027915463,0.0003184179950039834,2495372.1756355213,29115332.32936897,1232227130.0931563,0.02362821887160353,823270054.1837173,0.003031049365824091,1f2c09af8ea8c2ffc6a911a3227a1b6a0cd2dbdc5d81ba1b261e7f19828e8062,344cb603b1548432822abe077b77a392af218ef544b230dabb9450fcf0761e3f,e0e02ef8ed5c2cd3b3b86039fb6e6dccba9930092109da24c9141265a77b6d48,2bb80d537b1da3e38bd30361aa855686bde0eacd7162fef6a25fe97bf527a25b,
2026-05-17T10:30:01.295959+00:00,alice,12,34,262144,3,0,0.01,100,100000.0,128,0.1,window_mean_3x3,perlin,lorenz,0.12555333800264634,0.00012521300232037902,0.11039810900547309,0.011305102001642808,,0.00017676899733487517,0.0003151060009258799,2374533.4259937727,23188114.53111227,1482974978.374678,0.01563621427822481,831923223.3906653,0.002854269912451655,afc4ad7b1dba5c384a36dc4f6b91c37763a8d53e468276e598e8e8ae1808bc9c,50ab90c9a9fec76bca16523f8e89fc4d539a99447a68f534063c0644e9916021,3c0bf62b9eb2dac6d22a7ffc6ea8d7f78ebd05434392fec7aa49b43848145644,2bb80d537b1da3e38bd30361aa855686bde0eacd7162fef6a25fe97bf527a25b,
2026-05-17T10:30:01.641788+00:00,alice,12,34,262144,3,1,0.01,100,100000.0,128,0.1,window_mean_3x3,perlin,lorenz,0.1134420210000826,0.00032934399496298283,0.1067206299994723,0.008501231000991538,,0.0002049549948424101,0.00035509400186128914,2456357.313495022,30836004.805589322,1279032014.8165336,0.02410886080127751,738238321.7568448,0.003327322953987856,afc4ad7b1dba5c384a36dc4f6b91c37763a8d53e468276e598e8e8ae1808bc9c,50ab90c9a9fec76bca16523f8e89fc4d539a99447a68f534063c0644e9916021,3c0bf62b9eb2dac6d22a7ffc6ea8d7f78ebd05434392fec7aa49b43848145644,2bb80d537b1da3e38bd30361aa855686bde0eacd7162fef6a25fe97bf527a25b,
2026-05-17T10:30:01.992288+00:00,alice,12,34,262144,3,2,0.01,100,100000.0,128,0.1,window_mean_3x3,perlin,lorenz,0.1183626690035453,0.00011553299555089325,0.10913809599878732,0.009683985001174733,,0.00020079800015082583,0.0004276079998817295,2401947.7122169402,27069847.791812994,1305511010.085236,0.020735058978970707,613047464.2020389,0.003918045261541678,afc4ad7b1dba5c384a36dc4f6b91c37763a8d53e468276e598e8e8ae1808bc9c,50ab90c9a9fec76bca16523f8e89fc4d539a99447a68f534063c0644e9916021,3c0bf62b9eb2dac6d22a7ffc6ea8d7f78ebd05434392fec7aa49b43848145644,2bb80d537b1da3e38bd30361aa855686bde0eacd7162fef6a25fe97bf527a25b,
2026-05-17T10:30:02.350097+00:00,alice,12,34,262144,3,0,0.01,100,100000.0,128,0.1,window_mean_3x3,perlin,rossler,0.12012251800479135,0.0001107339994632639,0.10312292000162415,0.014697439997689798,,0.0002742450014920905,0.0005267709930194542,2542053.696655131,17836031.311657324,955875215.8608093,0.018659372076715225,497643195.00090384,0.005108185387023154,3a03b81910176378670f8cfd72de1f8646f777da19bdaabf4ee7a5262431f228,7f8d1f3a2eb9e206431abc20fd79a7cfe911fdef8a8d2ed39897a2a99275987a,3c0bf62b9eb2dac6d22a7ffc6ea8d7f78ebd05434392fec7aa49b43848145644,2bb80d537b1da3e38bd30361aa855686bde0eacd7162fef6a25fe97bf527a25b,
2026-05-17T10:30:02.700403+00:00,alice,12,34,262144,3,1,0.01,100,100000.0,128,0.1,window_mean_3x3,perlin,rossler,0.1165921249994426,0.00011553899821592495,0.10650546599936206,0.008246669996879064,,0.00019447899830993265,0.0003413300000829622,2461319.6847715797,31787861.05169819,1347929608.2255247,0.023582730772970528,768007499.8865743,0.003204812043027038,3a03b81910176378670f8cfd72de1f8646f777da19bdaabf4ee7a5262431f228,7f8d1f3a2eb9e206431abc20fd79a7cfe911fdef8a8d2ed39897a2a99275987a,3c0bf62b9eb2dac6d22a7ffc6ea8d7f78ebd05434392fec7aa49b43848145644,2bb80d537b1da3e38bd30361aa855686bde0eacd7162fef6a25fe97bf527a25b,
2026-05-17T10:30:03.044656+00:00,alice,12,34,262144,3,2,0.01,100,100000.0,128,0.1,window_mean_3x3,perlin,rossler,0.11180215499916812,0.00016281600255751982,0.11218647799978498,0.00952932599466294,,0.0001990309974644333,0.00040562000503996387,2336680.8966095042,27509185.86968461,1317101372.8494475,0.020886156856833732,646279761.2119061,0.0036155872995740296,3a03b81910176378670f8cfd72de1f8646f777da19bdaabf4ee7a5262431f228,7f8d1f3a2eb9e206431abc20fd79a7cfe911fdef8a8d2ed39897a2a99275987a,3c0bf62b9eb2dac6d22a7ffc6ea8d7f78ebd05434392fec7aa49b43848145644,2bb80d537b1da3e38bd30361aa855686bde0eacd7162fef6a25fe97bf527a25b,
2026-05-17T10:30:03.524726+00:00,alice,12,34,262144,3,0,0.01,100,10000000.0,128,0.1,neighborhood3,opensimplex,lorenz,0.2545893199931015,1.0231997293885797e-05,0.10601140299695544,0.008766001999902073,,0.00018595500296214595,0.0010072540026158094,2472790.5922302394,29904624.70838228,1409717382.2925513,0.021213205628315312,260256101.55851418,0.009501374136560922,c8186ffcbac4e6c85636a3e13effed525db6229847b5f8c3d6d5d88b71faee63,1ed20e1ac7789191a62544564b3d2ee52c9f2811d6d511b3c96ae0e08e4f3c3c,e0e02ef8ed5c2cd3b3b86039fb6e6dccba9930092109da24c9141265a77b6d48,2bb80d537b1da3e38bd30361aa855686bde0eacd7162fef6a25fe97bf527a25b,
2026-05-17T10:30:04.021182+00:00,alice,12,34,262144,3,1,0.01,100,10000000.0,128,0.1,neighborhood3,opensimplex,lorenz,0.2547277809935622,8.705996151547879e-06,0.10649780299718259,0.009995722000894602,,0.00021599700266961008,0.000483563999296166,2461496.7879378228,26225619.31759792,1213646470.8307853,0.021608944571515562,542108180.8851655,0.004540600704307099,c8186ffcbac4e6c85636a3e13effed525db6229847b5f8c3d6d5d88b71faee63,1ed20e1ac7789191a62544564b3d2ee52c9f2811d6d511b3c96ae0e08e4f3c3c,e0e02ef8ed5c2cd3b3b86039fb6e6dccba9930092109da24c9141265a77b6d48,2bb80d537b1da3e38bd30361aa855686bde0eacd7162fef6a25fe97bf527a25b,
2026-05-17T10:30:04.502798+00:00,alice,12,34,262144,3,2,0.01,100,10000000.0,128,0.1,neighborhood3,opensimplex,lorenz,0.2505415499981609,1.0381998436059803e-05,0.10182469299616059,0.016167942994798068,,0.00023630099894944578,0.00051673599955393,2574463.9368555173,16213812.73327987,1109364755.8218029,0.014615402777302847,507307406.9278986,0.005074761183649374,c8186ffcbac4e6c85636a3e13effed525db6229847b5f8c3d6d5d88b71faee63,1ed20e1ac7789191a62544564b3d2ee52c9f2811d6d511b3c96ae0e08e4f3c3c,e0e02ef8ed5c2cd3b3b86039fb6e6dccba9930092109da24c9141265a77b6d48,2bb80d537b1da3e38bd30361aa855686bde0eacd7162fef6a25fe97bf527a25b,
2026-05-17T10:30:05.015904+00:00,alice,12,34,262144,3,0,0.01,100,10000000.0,128,0.1,neighborhood3,opensimplex,rossler,0.2672750210040249,1.2301003152970225e-05,0.11040312200202607,0.013873909003450535,,0.0002722669960348867,0.0006459390060626902,2374425.6072322777,18894746.96243164,962819599.2084564,0.019624389634325265,405833983.6107656,0.0058507313411919285,b443fd3d6f7f763b8972435ba7fb83bde2d9fbd46b28004a1f790adf77bbe13c,35af4c0222401182ce8b64197e5a779501e85337a306c3acc5832cca5ef2d6e4,e0e02ef8ed5c2cd3b3b86039fb6e6dccba9930092109da24c9141265a77b6d48,2bb80d537b1da3e38bd30361aa855686bde0eacd7162fef6a25fe97bf527a25b,
2026-05-17T10:30:05.602635+00:00,alice,12,34,262144,3,1,0.01,100,10000000.0,128,0.1,neighborhood3,opensimplex,rossler,0.32253576899529435,1.3609002053271979e-05,0.11366833499778295,0.011234865000005811,,0.00021629999537253752,0.0004887200047960505,2306218.3501246236,23333079.65871102,1211946396.7093687,0.01925256737596986,536388929.09529305,0.00429952637914141,b443fd3d6f7f763b8972435ba7fb83bde2d9fbd46b28004a1f790adf77bbe13c,35af4c0222401182ce8b64197e5a779501e85337a306c3acc5832cca5ef2d6e4,e0e02ef8ed5c2cd3b3b86039fb6e6dccba9930092109da24c9141265a77b6d48,2bb80d537b1da3e38bd30361aa855686bde0eacd7162fef6a25fe97bf527a25b,
2026-05-17T10:30:06.143552+00:00,alice,12,34,262144,3,2,0.01,100,10000000.0,128,0.1,neighborhood3,opensimplex,rossler,0.28302059400448343,2.15539985219948e-05,0.11294485499820439,0.013264920999063179,,0.00020695199782494456,0.00038196900277398527,2320991.0712990654,19762198.359003693,1266689873.7635815,0.015601449706301326,686296526.9333992,0.0033819070623452288,b443fd3d6f7f763b8972435ba7fb83bde2d9fbd46b28004a1f790adf77bbe13c,35af4c0222401182ce8b64197e5a779501e85337a306c3acc5832cca5ef2d6e4,e0e02ef8ed5c2cd3b3b86039fb6e6dccba9930092109da24c9141265a77b6d48,2bb80d537b1da3e38bd30361aa855686bde0eacd7162fef6a25fe97bf527a25b,
2026-05-17T10:30:06.548745+00:00,alice,12,34,262144,3,0,0.01,100,10000000.0,128,0.1,neighborhood3,perlin,lorenz,0.1463096490042517,3.167599788866937e-05,0.11604172900115373,0.00970262399641797,,0.00021381400438258424,0.00042758500057971105,2259049.414865179,27017845.904033665,1226037558.9380822,0.02203671959889618,613080439.3152016,0.00368475206514253,82050a4224be8aaefb818d3f1bf1b45044b574ea644b479ae02b59be4c42238e,92928162cb07b599ed3e5c53fe88694ccd948b8d2983d942191a703fc3f31a5c,3c0bf62b9eb2dac6d22a7ffc6ea8d7f78ebd05434392fec7aa49b43848145644,2bb80d537b1da3e38bd30361aa855686bde0eacd7162fef6a25fe97bf527a25b,
2026-05-17T10:30:06.924336+00:00,alice,12,34,262144,3,1,0.01,100,10000000.0,128,0.1,neighborhood3,perlin,lorenz,0.1154032849954092,1.392700505675748e-05,0.11696150599891553,0.009909227999742143,,0.00021919999562669545,0.0003764409993891604,2241284.410295047,26454533.08843247,1195912432.6190205,0.022120794438517253,696374731.8314775,0.0032185033543655874,82050a4224be8aaefb818d3f1bf1b45044b574ea644b479ae02b59be4c42238e,92928162cb07b599ed3e5c53fe88694ccd948b8d2983d942191a703fc3f31a5c,3c0bf62b9eb2dac6d22a7ffc6ea8d7f78ebd05434392fec7aa49b43848145644,2bb80d537b1da3e38bd30361aa855686bde0eacd7162fef6a25fe97bf527a25b,
2026-05-17T10:30:07.281606+00:00,alice,12,34,262144,3,2,0.01,100,10000000.0,128,0.1,neighborhood3,perlin,lorenz,0.11371671599772526,1.836600131355226e-05,0.11677481299557257,0.010286594995704945,,0.00019367299682926387,0.0003837490003206767,2244867.649755423,25484040.16192485,1353539235.162959,0.01882770702162668,683113180.1801217,0.0032862309129557442,82050a4224be8aaefb818d3f1bf1b45044b574ea644b479ae02b59be4c42238e,92928162cb07b599ed3e5c53fe88694ccd948b8d2983d942191a703fc3f31a5c,3c0bf62b9eb2dac6d22a7ffc6ea8d7f78ebd05434392fec7aa49b43848145644,2bb80d537b1da3e38bd30361aa855686bde0eacd7162fef6a25fe97bf527a25b,
2026-05-17T10:30:07.619556+00:00,alice,12,34,262144,3,0,0.01,100,10000000.0,128,0.1,neighborhood3,perlin,rossler,0.11263135600165697,1.3290002243593335e-05,0.09992668600170873,0.009050570995896123,,0.00022257700038608164,0.00033986799826379865,2623363.2925194516,28964360.383324564,1177767691.8337722,0.024592592057120662,771311218.8824825,0.0034011735189335406,0ddcef9369354ca40ecb22b07c3e0027fee66eb3b8f8a40c3d43c4f0b467e837,f7ff1d13c073305a6618026a768f9a24d701768ce6cc4df178ecda681ab29ef2,3c0bf62b9eb2dac6d22a7ffc6ea8d7f78ebd05434392fec7aa49b43848145644,2bb80d537b1da3e38bd30361aa855686bde0eacd7162fef6a25fe97bf527a25b,
2026-05-17T10:30:07.957666+00:00,alice,12,34,262144,3,1,0.01,100,10000000.0,128,0.1,neighborhood3,perlin,rossler,0.10959547099628253,1.1819996871054173e-05,0.10310968500562012,0.008730310000828467,,0.00021494400425581262,0.0003162040011375211,2542379.9906450254,30026883.349517222,1219592055.6500518,0.02462043206202476,829034417.8345493,0.003066676046195719,0ddcef9369354ca40ecb22b07c3e0027fee66eb3b8f8a40c3d43c4f0b467e837,f7ff1d13c073305a6618026a768f9a24d701768ce6cc4df178ecda681ab29ef2,3c0bf62b9eb2dac6d22a7ffc6ea8d7f78ebd05434392fec7aa49b43848145644,2bb80d537b1da3e38bd30361aa855686bde0eacd7162fef6a25fe97bf527a25b,
2026-05-17T10:30:08.286267+00:00,alice,12,34,262144,3,2,0.01,100,10000000.0,128,0.1,neighborhood3,perlin,rossler,0.10556918100337498,9.925999620463699e-06,0.10317209800268756,0.0089598160047899,,0.00020321099873399362,0.0003202680018148385,2540842.001615314,29257743.6701667,1290008915.034912,0.022680264709158918,818514489.4729676,0.0031042113906271027,0ddcef9369354ca40ecb22b07c3e0027fee66eb3b8f8a40c3d43c4f0b467e837,f7ff1d13c073305a6618026a768f9a24d701768ce6cc4df178ecda681ab29ef2,3c0bf62b9eb2dac6d22a7ffc6ea8d7f78ebd05434392fec7aa49b43848145644,2bb80d537b1da3e38bd30361aa855686bde0eacd7162fef6a25fe97bf527a25b,
2026-05-17T10:30:08.775566+00:00,alice,12,34,262144,3,0,0.01,100,10000000.0,128,0.1,window_mean_3x3,opensimplex,lorenz,0.26096337600029074,0.0001398639942635782,0.10035269299987704,0.009588075998181012,,0.0002166699996450916,0.0006370050032273866,2612226.858728357,27340626.00773422,1209876773.1083927,0.022597860059327526,411525810.1142803,0.006347662271785443,af51d8f8b974d54ead65417d7543aeb07381ab873896625e41809f0c6cd93e08,a57a97de1a7a9411f78b51c4f37f994e27b19ae5528c475f1dd2381ca492145a,e0e02ef8ed5c2cd3b3b86039fb6e6dccba9930092109da24c9141265a77b6d48,2bb80d537b1da3e38bd30361aa855686bde0eacd7162fef6a25fe97bf527a25b,
2026-05-17T10:30:09.283613+00:00,alice,12,34,262144,3,1,0.01,100,10000000.0,128,0.1,window_mean_3x3,opensimplex,lorenz,0.26244869800575543,0.00013951899745734408,0.10359444899950176,0.008390111004700884,,0.00021281299996189773,0.0003220090002287179,2530483.07637855,31244401.874197334,1231804448.2570827,0.025364741877987193,814089046.6223094,0.0031083615322889226,af51d8f8b974d54ead65417d7543aeb07381ab873896625e41809f0c6cd93e08,a57a97de1a7a9411f78b51c4f37f994e27b19ae5528c475f1dd2381ca492145a,e0e02ef8ed5c2cd3b3b86039fb6e6dccba9930092109da24c9141265a77b6d48,2bb80d537b1da3e38bd30361aa855686bde0eacd7162fef6a25fe97bf527a25b,
2026-05-17T10:30:09.786642+00:00,alice,12,34,262144,3,2,0.01,100,10000000.0,128,0.1,window_mean_3x3,opensimplex,lorenz,0.26193502299429383,0.00010714300151448697,0.11231480699643726,0.009247779002180323,,0.0001864869991550222,0.0005317329996614717,2334011.0445839567,28346698.15727593,1405695845.7575154,0.020165598584379524,492999306.35656285,0.004734308982771424,af51d8f8b974d54ead65417d7543aeb07381ab873896625e41809f0c6cd93e08,a57a97de1a7a9411f78b51c4f37f994e27b19ae5528c475f1dd2381ca492145a,e0e02ef8ed5c2cd3b3b86039fb6e6dccba9930092109da24c9141265a77b6d48,2bb80d537b1da3e38bd30361aa855686bde0eacd7162fef6a25fe97bf527a25b,
2026-05-17T10:30:10.275058+00:00,alice,12,34,262144,3,0,0.01,100,10000000.0,128,0.1,window_mean_3x3,opensimplex,rossler,0.2594409200028167,0.0001257839976460673,0.10311078200174961,0.015963616002409253,,0.00020778799807885662,0.0003733670018846169,2542352.942251489,16421342.129529852,1261593558.9336348,0.01301634905572127,702108109.9207889,0.003621027739642994,57b7b87cfd4bca1359b9d0027a8059e955b0cea467247917aff409d89f721bc7,cbd868a1cc24e9f1a14b758a2abdca0e89880818860662eccfa1469d63b943ad,e0e02ef8ed5c2cd3b3b86039fb6e6dccba9930092109da24c9141265a77b6d48,2bb80d537b1da3e38bd30361aa855686bde0eacd7162fef6a25fe97bf527a25b,
2026-05-17T10:30:10.805087+00:00,alice,12,34,262144,3,1,0.01,100,10000000.0,128,0.1,window_mean_3x3,opensimplex,rossler,0.26968249899800867,0.00018907699995907024,0.10355309199803742,0.009863305996987037,,0.00030256900208769366,0.00048303599760401994,2531493.6999174133,26577701.237300925,866394105.7783002,0.03067622581922532,542700753.7746673,0.004664621676513288,57b7b87cfd4bca1359b9d0027a8059e955b0cea467247917aff409d89f721bc7,cbd868a1cc24e9f1a14b758a2abdca0e89880818860662eccfa1469d63b943ad,e0e02ef8ed5c2cd3b3b86039fb6e6dccba9930092109da24c9141265a77b6d48,2bb80d537b1da3e38bd30361aa855686bde0eacd7162fef6a25fe97bf527a25b,
2026-05-17T10:30:11.287522+00:00,alice,12,34,262144,3,2,0.01,100,10000000.0,128,0.1,window_mean_3x3,opensimplex,rossler,0.2628026480015251,0.00012358499952824786,0.10292800800380064,0.008760436001466587,,0.0002868699957616627,0.0006445199978770688,2546867.515305652,29923624.800879132,913807661.5645591,0.032746086577613,406727488.4618855,0.006261852438194177,57b7b87cfd4bca1359b9d0027a8059e955b0cea467247917aff409d89f721bc7,cbd868a1cc24e9f1a14b758a2abdca0e89880818860662eccfa1469d63b943ad,e0e02ef8ed5c2cd3b3b86039fb6e6dccba9930092109da24c9141265a77b6d48,2bb80d537b1da3e38bd30361aa855686bde0eacd7162fef6a25fe97bf527a25b,
2026-05-17T10:30:11.620176+00:00,alice,12,34,262144,3,0,0.01,100,10000000.0,128,0.1,window_mean_3x3,perlin,lorenz,0.10630994500388624,0.0001219059995491989,0.10390640900004655,0.008879504006472416,,0.00018752199684968218,0.00030655199952889234,2522885.76347473,29522369.69642887,1397937332.174075,0.021118521565280483,855137139.548467,0.0029502703681036167,b83b247d757d2c99822563501928a1f100a1c28e990525a6c2289c2e30c6d9a7,8037ca72498406d7172481ed7761fb0bd7e70c435446ad8756444b4d3c0c39c5,3c0bf62b9eb2dac6d22a7ffc6ea8d7f78ebd05434392fec7aa49b43848145644,2bb80d537b1da3e38bd30361aa855686bde0eacd7162fef6a25fe97bf527a25b,
2026-05-17T10:30:11.953330+00:00,alice,12,34,262144,3,1,0.01,100,10000000.0,128,0.1,window_mean_3x3,perlin,lorenz,0.10986112100363243,0.0003668429999379441,0.10244065699953353,0.010632464000082109,,0.00016954399325186387,0.0003026850026799366,2558983.9784138994,24655056.438279554,1546170967.027864,0.015945879830917328,866062070.0695726,0.002954735078293327,b83b247d757d2c99822563501928a1f100a1c28e990525a6c2289c2e30c6d9a7,8037ca72498406d7172481ed7761fb0bd7e70c435446ad8756444b4d3c0c39c5,3c0bf62b9eb2dac6d22a7ffc6ea8d7f78ebd05434392fec7aa49b43848145644,2bb80d537b1da3e38bd30361aa855686bde0eacd7162fef6a25fe97bf527a25b,
2026-05-17T10:30:12.291019+00:00,alice,12,34,262144,3,2,0.01,100,10000000.0,128,0.1,window_mean_3x3,perlin,lorenz,0.10855405800248263,0.00011379699571989477,0.10593682900071144,0.01047250199917471,,0.00018244400416733697,0.0003568920001271181,2474531.3076931867,25031649.554295465,1436846341.957955,0.01742124319305115,734519125.9726453,0.003368913375014475,b83b247d757d2c99822563501928a1f100a1c28e990525a6c2289c2e30c6d9a7,8037ca72498406d7172481ed7761fb0bd7e70c435446ad8756444b4d3c0c39c5,3c0bf62b9eb2dac6d22a7ffc6ea8d7f78ebd05434392fec7aa49b43848145644,2bb80d537b1da3e38bd30361aa855686bde0eacd7162fef6a25fe97bf527a25b,
2026-05-17T10:30:12.614226+00:00,alice,12,34,262144,3,0,0.01,100,10000000.0,128,0.1,window_mean_3x3,perlin,rossler,0.10343369300244376,0.0001183360000140965,0.09940547299629543,0.009029808999912348,,0.00018257099873153493,0.0003087639997829683,2637118.380894072,29030957.35497225,1435846885.9858446,0.020218699945182356,849010895.6493058,0.0031061066405717428,55406a881564c1ff02ad2707102ec970c3b97084dcf550c21eb4698b0000c8ce,2179b1353cf287a10254adda447b26d512ed62c4c9aab461215f2bc6bdb1ac67,3c0bf62b9eb2dac6d22a7ffc6ea8d7f78ebd05434392fec7aa49b43848145644,2bb80d537b1da3e38bd30361aa855686bde0eacd7162fef6a25fe97bf527a25b,
2026-05-17T10:30:12.967424+00:00,alice,12,34,262144,3,1,0.01,100,10000000.0,128,0.1,window_mean_3x3,perlin,rossler,0.11076543500530533,0.00014381599612534046,0.12070535399834625,0.009690209000837058,,0.00019717800023499876,0.00035034599568462,2171767.790876878,27052460.88885756,1329478946.3711677,0.02034816795158558,748243174.5444608,0.002902489277231397,55406a881564c1ff02ad2707102ec970c3b97084dcf550c21eb4698b0000c8ce,2179b1353cf287a10254adda447b26d512ed62c4c9aab461215f2bc6bdb1ac67,3c0bf62b9eb2dac6d22a7ffc6ea8d7f78ebd05434392fec7aa49b43848145644,2bb80d537b1da3e38bd30361aa855686bde0eacd7162fef6a25fe97bf527a25b,
2026-05-17T10:30:13.301940+00:00,alice,12,34,262144,3,2,0.01,100,10000000.0,128,0.1,window_mean_3x3,perlin,rossler,0.11058988600416342,0.0001315059998887591,0.09870723099447787,0.01021905100060394,,0.00018187000387115404,0.0003439270003582351,2655773.010334628,25652479.861829385,1441381175.6759853,0.017797151991941876,762208258.5169244,0.0034843141367979003,55406a881564c1ff02ad2707102ec970c3b97084dcf550c21eb4698b0000c8ce,2179b1353cf287a10254adda447b26d512ed62c4c9aab461215f2bc6bdb1ac67,3c0bf62b9eb2dac6d22a7ffc6ea8d7f78ebd05434392fec7aa49b43848145644,2bb80d537b1da3e38bd30361aa855686bde0eacd7162fef6a25fe97bf527a25b,
2026-05-17T10:30:13.783278+00:00,alice,12,34,262144,3,0,0.01,1000,100000.0,128,0.1,neighborhood3,opensimplex,lorenz,0.25182661000144435,1.3172997569199651e-05,0.10326731899840524,0.009110457998758648,,0.00020244700135663152,0.0004339900042396039,2538499.1354723587,28773965.044975635,1294877169.0532773,0.02222138572882023,604032345.0750988,0.004202588083518523,e23a539e5f39ac497009325f1e579c547bd43c5e77c65630dfa89ce38195ec42,9e73a1e14af3b95cbf639be171c4c1d6b67047d635781f22e1d23ed77ed2a133,e0e02ef8ed5c2cd3b3b86039fb6e6dccba9930092109da24c9141265a77b6d48,2bb80d537b1da3e38bd30361aa855686bde0eacd7162fef6a25fe97bf527a25b,
2026-05-17T10:30:14.261354+00:00,alice,12,34,262144,3,1,0.01,1000,100000.0,128,0.1,neighborhood3,opensimplex,lorenz,0.2506570329933311,1.2033997336402535e-05,0.10258645300200442,0.012971285999810789,,0.00017791599384509027,0.0003163290020893328,2555347.1470046635,20209561.33446012,1473414471.2602186,0.01371614147183907,828706815.5893253,0.003083535816207156,e23a539e5f39ac497009325f1e579c547bd43c5e77c65630dfa89ce38195ec42,9e73a1e14af3b95cbf639be171c4c1d6b67047d635781f22e1d23ed77ed2a133,e0e02ef8ed5c2cd3b3b86039fb6e6dccba9930092109da24c9141265a77b6d48,2bb80d537b1da3e38bd30361aa855686bde0eacd7162fef6a25fe97bf527a25b,
2026-05-17T10:30:14.726925+00:00,alice,12,34,262144,3,2,0.01,1000,100000.0,128,0.1,neighborhood3,opensimplex,lorenz,0.2362059200022486,1.0634998034220189e-05,0.10024865699961083,0.009465934002946597,,0.00018410100165056065,0.00038112000038381666,2614937.774189011,27693410.910999242,1423914034.414498,0.01944879412779055,687825356.1502969,0.003801746694574633,e23a539e5f39ac497009325f1e579c547bd43c5e77c65630dfa89ce38195ec42,9e73a1e14af3b95cbf639be171c4c1d6b67047d635781f22e1d23ed77ed2a133,e0e02ef8ed5c2cd3b3b86039fb6e6dccba9930092109da24c9141265a77b6d48,2bb80d537b1da3e38bd30361aa855686bde0eacd7162fef6a25fe97bf527a25b,
2026-05-17T10:30:15.196554+00:00,alice,12,34,262144,3,0,0.01,1000,100000.0,128,0.1,neighborhood3,opensimplex,rossler,0.256598287000088,2.2915999579709023e-05,0.09708970000065165,0.008537982001143973,,0.0001827730011427775,0.00035702699824469164,2700018.6425361345,30703273.907684073,1434259974.7279959,0.021407049243988615,734241391.516104,0.0036772901578879667,747a4cc075f698badc7f4114dcf40c0bcc7a19bff37a8d963847334182632bb9,04a4a2fdb6eb0975a3d66b876c8a98fa2d284aa333770c028edf687524c1168e,e0e02ef8ed5c2cd3b3b86039fb6e6dccba9930092109da24c9141265a77b6d48,2bb80d537b1da3e38bd30361aa855686bde0eacd7162fef6a25fe97bf527a25b,
2026-05-17T10:30:15.662871+00:00,alice,12,34,262144,3,1,0.01,1000,100000.0,128,0.1,neighborhood3,opensimplex,rossler,0.2518268440035172,1.0375006240792572e-05,0.10054570600186707,0.010415903998364229,,0.0001945409967447631,0.0005651809988194145,2607212.286073481,25167666.67983581,1347500035.3983574,0.01867730316785897,463823094.80959696,0.005621135116490399,747a4cc075f698badc7f4114dcf40c0bcc7a19bff37a8d963847334182632bb9,04a4a2fdb6eb0975a3d66b876c8a98fa2d284aa333770c028edf687524c1168e,e0e02ef8ed5c2cd3b3b86039fb6e6dccba9930092109da24c9141265a77b6d48,2bb80d537b1da3e38bd30361aa855686bde0eacd7162fef6a25fe97bf527a25b,
2026-05-17T10:30:16.131621+00:00,alice,12,34,262144,3,2,0.01,1000,100000.0,128,0.1,neighborhood3,opensimplex,rossler,0.24176959199394332,3.606999962357804e-05,0.10038481399533339,0.013083565005217679,,0.00034232799953315407,0.00034297200181754306,2611391.0019516135,20036129.288573712,765768503.7668432,0.026164734106998735,764330611.8598492,0.003416572568770082,747a4cc075f698badc7f4114dcf40c0bcc7a19bff37a8d963847334182632bb9,04a4a2fdb6eb0975a3d66b876c8a98fa2d284aa333770c028edf687524c1168e,e0e02ef8ed5c2cd3b3b86039fb6e6dccba9930092109da24c9141265a77b6d48,2bb80d537b1da3e38bd30361aa855686bde0eacd7162fef6a25fe97bf527a25b,
2026-05-17T10:30:16.513358+00:00,alice,12,34,262144,3,0,0.01,1000,100000.0,128,0.1,neighborhood3,perlin,lorenz,0.12175395499798469,2.4152002879418433e-05,0.11263520599459298,0.009487919996900018,,0.00019535799947334453,0.00035448400012683123,2327371.7811869956,27629238.02958395,1341864682.8217957,0.020590181993226517,739508694.0629399,0.003147186503515146,95b23e0a407d1323f7bd7da9e289cebed647fa01969a49e3f6864136902e29de,f49379b514899545749f189790997229a84beee09c502e72c680b3f39db0b637,3c0bf62b9eb2dac6d22a7ffc6ea8d7f78ebd05434392fec7aa49b43848145644,2bb80d537b1da3e38bd30361aa855686bde0eacd7162fef6a25fe97bf527a25b,
2026-05-17T10:30:16.879969+00:00,alice,12,34,262144,3,1,0.01,1000,100000.0,128,0.1,neighborhood3,perlin,lorenz,0.11635806500271428,1.3896999007556587e-05,0.11602353599300841,0.009841302999120671,,0.00017104700236814097,0.00036745399847859517,2259403.643893398,26637123.15568607,1532584590.02861,0.01738052393909873,713406306.8720977,0.003167064297202061,95b23e0a407d1323f7bd7da9e289cebed647fa01969a49e3f6864136902e29de,f49379b514899545749f189790997229a84beee09c502e72c680b3f39db0b637,3c0bf62b9eb2dac6d22a7ffc6ea8d7f78ebd05434392fec7aa49b43848145644,2bb80d537b1da3e38bd30361aa855686bde0eacd7162fef6a25fe97bf527a25b,
2026-05-17T10:30:17.243774+00:00,alice,12,34,262144,3,2,0.01,1000,100000.0,128,0.1,neighborhood3,perlin,lorenz,0.1366748619984719,1.1785996321123093e-05,0.10706034200120484,0.009348313004011288,,0.0002049570030067116,0.00033926600008271635,2448563.07293554,28041850.96150675,1279019482.8883975,0.021924490859341804,772679843.9457145,0.0031689231861308483,95b23e0a407d1323f7bd7da9e289cebed647fa01969a49e3f6864136902e29de,f49379b514899545749f189790997229a84beee09c502e72c680b3f39db0b637,3c0bf62b9eb2dac6d22a7ffc6ea8d7f78ebd05434392fec7aa49b43848145644,2bb80d537b1da3e38bd30361aa855686bde0eacd7162fef6a25fe97bf527a25b,
2026-05-17T10:30:17.573996+00:00,alice,12,34,262144,3,0,0.01,1000,100000.0,128,0.1,neighborhood3,perlin,rossler,0.10309358899394283,1.3076998584438115e-05,0.10254443799931323,0.009243831998901442,,0.000245893003011588,0.0003518270023050718,2556394.1361866514,28358801.850915704,1066089708.8952391,0.02660076503346345,745093464.3518151,0.0034309710908691908,f85cfb0249e1e68834e9c321e2e579692cf51ba098bd178566a0fd37d5c08e85,44ab48745b6a30498337ef9bff8918cf35407be4dba6b7ce4a88147826876c0e,3c0bf62b9eb2dac6d22a7ffc6ea8d7f78ebd05434392fec7aa49b43848145644,2bb80d537b1da3e38bd30361aa855686bde0eacd7162fef6a25fe97bf527a25b,
2026-05-17T10:30:17.903598+00:00,alice,12,34,262144,3,1,0.01,1000,100000.0,128,0.1,neighborhood3,perlin,rossler,0.10941511200508103,9.320996468886733e-06,0.10093996099749347,0.00941548799892189,,0.000198232002730947,0.00031592899904353544,2597028.9408622766,27841785.79272965,1322410087.112919,0.021053821400828645,829756055.2960705,0.003129870429129456,f85cfb0249e1e68834e9c321e2e579692cf51ba098bd178566a0fd37d5c08e85,44ab48745b6a30498337ef9bff8918cf35407be4dba6b7ce4a88147826876c0e,3c0bf62b9eb2dac6d22a7ffc6ea8d7f78ebd05434392fec7aa49b43848145644,2bb80d537b1da3e38bd30361aa855686bde0eacd7162fef6a25fe97bf527a25b,
2026-05-17T10:30:18.242389+00:00,alice,12,34,262144,3,2,0.01,1000,100000.0,128,0.1,neighborhood3,perlin,rossler,0.1178776810047566,1.1372998415026814e-05,0.09597740399476606,0.009447668999200687,,0.00024366899742744863,0.0006154919974505901,2731309.5488006272,27746950.07013672,1075820078.7445364,0.025791440983809238,425909680.52520317,0.006412884406460449,f85cfb0249e1e68834e9c321e2e579692cf51ba098bd178566a0fd37d5c08e85,44ab48745b6a30498337ef9bff8918cf35407be4dba6b7ce4a88147826876c0e,3c0bf62b9eb2dac6d22a7ffc6ea8d7f78ebd05434392fec7aa49b43848145644,2bb80d537b1da3e38bd30361aa855686bde0eacd7162fef6a25fe97bf527a25b,
2026-05-17T10:30:18.722669+00:00,alice,12,34,262144,3,0,0.01,1000,100000.0,128,0.1,window_mean_3x3,opensimplex,lorenz,0.23626606199832167,0.00011706499935826287,0.10784342099941568,0.009974973996577319,,0.00021005600137868896,0.0004979189980076626,2430783.4225828233,26280168.759331968,1247971961.1886108,0.021058300648278863,526479208.56389135,0.004617054924568467,3586116b5b79e37b3c941642192f76e6dd2c6aab79c8a40693df1e2940025f63,ce4293555fb53cace620b7bc9a9a215f9dc98b702eee406a49f774e732ecf31f,e0e02ef8ed5c2cd3b3b86039fb6e6dccba9930092109da24c9141265a77b6d48,2bb80d537b1da3e38bd30361aa855686bde0eacd7162fef6a25fe97bf527a25b,
2026-05-17T10:30:19.257726+00:00,alice,12,34,262144,3,1,0.01,1000,100000.0,128,0.1,window_mean_3x3,opensimplex,lorenz,0.2612202950040228,0.00010915999882854521,0.12521688600099878,0.010454256000230089,,0.0002197210051235743,0.0010027000025729649,2093519.559318134,25075337.737494703,1193076646.689134,0.021017373701078146,261438116.4130138,0.008007705946025259,3586116b5b79e37b3c941642192f76e6dd2c6aab79c8a40693df1e2940025f63,ce4293555fb53cace620b7bc9a9a215f9dc98b702eee406a49f774e732ecf31f,e0e02ef8ed5c2cd3b3b86039fb6e6dccba9930092109da24c9141265a77b6d48,2bb80d537b1da3e38bd30361aa855686bde0eacd7162fef6a25fe97bf527a25b,
2026-05-17T10:30:19.829984+00:00,alice,12,34,262144,3,2,0.01,1000,100000.0,128,0.1,window_mean_3x3,opensimplex,lorenz,0.29038526500517037,0.000245174000156112,0.1271537030042964,0.009544929998810403,,0.0002572739977040328,0.0004032060023746453,2061630.8751239623,27464213.98927717,1018929244.072188,0.026953995234757847,650149051.4926033,0.00317101266300535,3586116b5b79e37b3c941642192f76e6dd2c6aab79c8a40693df1e2940025f63,ce4293555fb53cace620b7bc9a9a215f9dc98b702eee406a49f774e732ecf31f,e0e02ef8ed5c2cd3b3b86039fb6e6dccba9930092109da24c9141265a77b6d48,2bb80d537b1da3e38bd30361aa855686bde0eacd7162fef6a25fe97bf527a25b,
2026-05-17T10:30:20.328799+00:00,alice,12,34,262144,3,0,0.01,1000,100000.0,128,0.1,window_mean_3x3,opensimplex,rossler,0.2717632779967971,0.0001277009941986762,0.10692270300205564,0.008775381997111253,,0.00019153500034008175,0.00041334900015499443,2451715.048720384,29872659.684364114,1368648025.3454866,0.021826400309768016,634195316.5526063,0.0038658674776211703,fdba1e0f7db1aa978e15958871cf33e9b510b8db88d0504191ee436cbf8f5c45,dff1fcbc19a2153279dd621501ef43d65f4e021cc8cfbbc9a16dd0d0fdfad1fd,e0e02ef8ed5c2cd3b3b86039fb6e6dccba9930092109da24c9141265a77b6d48,2bb80d537b1da3e38bd30361aa855686bde0eacd7162fef6a25fe97bf527a25b,
2026-05-17T10:30:20.823916+00:00,alice,12,34,262144,3,1,0.01,1000,100000.0,128,0.1,window_mean_3x3,opensimplex,rossler,0.260930971999187,0.00013933100126450881,0.10406352900463389,0.010724886000389233,,0.0002030749965342693,0.0004405130021041259,2519076.592033765,24442590.8108008,1290872852.2655063,0.018934932877319087,595087996.8306495,0.004233116119716737,fdba1e0f7db1aa978e15958871cf33e9b510b8db88d0504191ee436cbf8f5c45,dff1fcbc19a2153279dd621501ef43d65f4e021cc8cfbbc9a16dd0d0fdfad1fd,e0e02ef8ed5c2cd3b3b86039fb6e6dccba9930092109da24c9141265a77b6d48,2bb80d537b1da3e38bd30361aa855686bde0eacd7162fef6a25fe97bf527a25b,
2026-05-17T10:30:21.340705+00:00,alice,12,34,262144,3,2,0.01,1000,100000.0,128,0.1,window_mean_3x3,opensimplex,rossler,0.2845755540038226,0.0001170899995486252,0.10722435000207042,0.009043311998539139,,0.0002202239993494004,0.00033120800071628764,2444817.8048637104,28987609.853817593,1190351645.4811568,0.024352139944411464,791478464.9920104,0.00308892523675725,fdba1e0f7db1aa978e15958871cf33e9b510b8db88d0504191ee436cbf8f5c45,dff1fcbc19a2153279dd621501ef43d65f4e021cc8cfbbc9a16dd0d0fdfad1fd,e0e02ef8ed5c2cd3b3b86039fb6e6dccba9930092109da24c9141265a77b6d48,2bb80d537b1da3e38bd30361aa855686bde0eacd7162fef6a25fe97bf527a25b,
2026-05-17T10:30:21.719582+00:00,alice,12,34,262144,3,0,0.01,1000,100000.0,128,0.1,window_mean_3x3,perlin,lorenz,0.11304301100608427,0.00014472499606199563,0.12715359299909323,0.0113379239992355,,0.0002699250035220757,0.0004080910002812743,2061632.6587158998,23120987.58270703,971173461.440969,0.023807268732818843,642366530.5515652,0.0032094334942165932,24817bcf75c7b63b165d6e9938f0ac87fff234d20e2b41a8dcc102100c484713,91fc8f3fb429fc03590aea3adf16fb25f000d85e5815cc73d69d668c7bc79e6e,3c0bf62b9eb2dac6d22a7ffc6ea8d7f78ebd05434392fec7aa49b43848145644,2bb80d537b1da3e38bd30361aa855686bde0eacd7162fef6a25fe97bf527a25b,
2026-05-17T10:30:22.074353+00:00,alice,12,34,262144,3,1,0.01,1000,100000.0,128,0.1,window_mean_3x3,perlin,lorenz,0.11522448500181781,0.0002767089972621761,0.10626664000301389,0.010982460000377614,,0.00019711699860636145,0.0004027359973406419,2466851.309052071,23869333.463630788,1329890379.0813909,0.0179483465999042,650907795.0096264,0.003789862908333412,24817bcf75c7b63b165d6e9938f0ac87fff234d20e2b41a8dcc102100c484713,91fc8f3fb429fc03590aea3adf16fb25f000d85e5815cc73d69d668c7bc79e6e,3c0bf62b9eb2dac6d22a7ffc6ea8d7f78ebd05434392fec7aa49b43848145644,2bb80d537b1da3e38bd30361aa855686bde0eacd7162fef6a25fe97bf527a25b,
2026-05-17T10:30:22.448689+00:00,alice,12,34,262144,3,2,0.01,1000,100000.0,128,0.1,window_mean_3x3,perlin,lorenz,0.12402807199396193,0.0001673540027695708,0.1119724820018746,0.00942142400162993,,0.00020808700355701149,0.0015496400010306388,2341146.639900429,27824243.973591298,1259780743.2417471,0.02208657667047061,169164450.98581126,0.01383947174632331,24817bcf75c7b63b165d6e9938f0ac87fff234d20e2b41a8dcc102100c484713,91fc8f3fb429fc03590aea3adf16fb25f000d85e5815cc73d69d668c7bc79e6e,3c0bf62b9eb2dac6d22a7ffc6ea8d7f78ebd05434392fec7aa49b43848145644,2bb80d537b1da3e38bd30361aa855686bde0eacd7162fef6a25fe97bf527a25b,
2026-05-17T10:30:22.789320+00:00,alice,12,34,262144,3,0,0.01,1000,100000.0,128,0.1,window_mean_3x3,perlin,rossler,0.10788944600062678,0.00011026299762306735,0.10105555399786681,0.011971055995672941,,0.0001899109993246384,0.00038891000440344214,2594058.313762088,21898151.68308916,1380351853.9328246,0.01586418102072897,674047972.6205773,0.003848477288162229,3c4acc48216fca5693d4222c3d7fe3f88fb3708ee67195c6be06ba8750486a74,a337348ee049980e8b93154da7ac6984ec5393d4be7419a3ad616e1354299df4,3c0bf62b9eb2dac6d22a7ffc6ea8d7f78ebd05434392fec7aa49b43848145644,2bb80d537b1da3e38bd30361aa855686bde0eacd7162fef6a25fe97bf527a25b,
2026-05-17T10:30:23.146074+00:00,alice,12,34,262144,3,1,0.01,1000,100000.0,128,0.1,window_mean_3x3,perlin,rossler,0.11692709099588683,0.0002459619936416857,0.10694316500303103,0.009312054004112724,,0.00020210900402162224,0.0003889209983753972,2451245.949122323,28151039.489700396,1297042659.0789347,0.021704019750353635,674028918.7136444,0.0036367073890544964,3c4acc48216fca5693d4222c3d7fe3f88fb3708ee67195c6be06ba8750486a74,a337348ee049980e8b93154da7ac6984ec5393d4be7419a3ad616e1354299df4,3c0bf62b9eb2dac6d22a7ffc6ea8d7f78ebd05434392fec7aa49b43848145644,2bb80d537b1da3e38bd30361aa855686bde0eacd7162fef6a25fe97bf527a25b,
2026-05-17T10:30:23.492068+00:00,alice,12,34,262144,3,2,0.01,1000,100000.0,128,0.1,window_mean_3x3,perlin,rossler,0.1066804830043111,0.00011579899728531018,0.0996608030036441,0.00987656699726358,,0.00019638599769677967,0.00044222600263310596,2630362.1092679203,26542016.074272577,1334840584.7383823,0.019884034376640256,592782872.1946242,0.004437311252819586,3c4acc48216fca5693d4222c3d7fe3f88fb3708ee67195c6be06ba8750486a74,a337348ee049980e8b93154da7ac6984ec5393d4be7419a3ad616e1354299df4,3c0bf62b9eb2dac6d22a7ffc6ea8d7f78ebd05434392fec7aa49b43848145644,2bb80d537b1da3e38bd30361aa855686bde0eacd7162fef6a25fe97bf527a25b,
2026-05-17T10:30:24.031065+00:00,alice,12,34,262144,3,0,0.01,1000,10000000.0,128,0.1,neighborhood3,opensimplex,lorenz,0.30456098599825054,9.12499672267586e-06,0.10700072799954796,0.010189387001446448,,0.00019085800158791244,0.0003869900028803386,2449927.2565800436,25727161.01202035,1373502802.182763,0.018731058262957227,677392175.6347224,0.0036167043917866935,f3ef107cb4d993fe239f85da65bfcce0af8f798b36fe80094059ae6d7e35cd2b,29eeea3b6cb5b9285e95de6efc1dad757ac7762567a153131b4d0dc73826f924,e0e02ef8ed5c2cd3b3b86039fb6e6dccba9930092109da24c9141265a77b6d48,2bb80d537b1da3e38bd30361aa855686bde0eacd7162fef6a25fe97bf527a25b,
2026-05-17T10:30:24.535749+00:00,alice,12,34,262144,3,1,0.01,1000,10000000.0,128,0.1,neighborhood3,opensimplex,lorenz,0.2703797120047966,1.1502001143526286e-05,0.09889960800501285,0.012248350998561364,,0.0004266460018698126,0.0011174390019732527,2650607.067994778,21402391.23052485,614429758.7487788,0.03483293399412905,234593565.7669793,0.011298720232709253,f3ef107cb4d993fe239f85da65bfcce0af8f798b36fe80094059ae6d7e35cd2b,29eeea3b6cb5b9285e95de6efc1dad757ac7762567a153131b4d0dc73826f924,e0e02ef8ed5c2cd3b3b86039fb6e6dccba9930092109da24c9141265a77b6d48,2bb80d537b1da3e38bd30361aa855686bde0eacd7162fef6a25fe97bf527a25b,
2026-05-17T10:30:25.079677+00:00,alice,12,34,262144,3,2,0.01,1000,10000000.0,128,0.1,neighborhood3,opensimplex,lorenz,0.2853744820022257,2.5442001060582697e-05,0.1166827090055449,0.010248831000353675,,0.0003909480001311749,0.0005296160015859641,2246639.645532592,25577941.522399355,670534188.4650714,0.03814561876546542,494969939.0029671,0.0045389415972575346,f3ef107cb4d993fe239f85da65bfcce0af8f798b36fe80094059ae6d7e35cd2b,29eeea3b6cb5b9285e95de6efc1dad757ac7762567a153131b4d0dc73826f924,e0e02ef8ed5c2cd3b3b86039fb6e6dccba9930092109da24c9141265a77b6d48,2bb80d537b1da3e38bd30361aa855686bde0eacd7162fef6a25fe97bf527a25b,
2026-05-17T10:30:25.559846+00:00,alice,12,34,262144,3,0,0.01,1000,10000000.0,128,0.1,neighborhood3,opensimplex,rossler,0.2405696749992785,8.26099858386442e-06,0.11361029299587244,0.009541472994897049,,0.00019902700296370313,0.0003635579996625893,2307396.5666959765,27474164.643153034,1317127807.2644627,0.02085914858954653,721051387.2429997,0.0032000445564892405,5ac89995c4daa8b526aa968dc29017cb6cd7b7cf5ce88198c603a04187889050,b691dab6c1de4256dfabd77b03ea60ad9d27fc99979396769285ca9dc675eee9,e0e02ef8ed5c2cd3b3b86039fb6e6dccba9930092109da24c9141265a77b6d48,2bb80d537b1da3e38bd30361aa855686bde0eacd7162fef6a25fe97bf527a25b,
2026-05-17T10:30:26.072344+00:00,alice,12,34,262144,3,1,0.01,1000,10000000.0,128,0.1,neighborhood3,opensimplex,rossler,0.25858945800428046,8.385999535676092e-06,0.10474660500040045,0.01209848299913574,,0.00020518100063782185,0.00035125500289723277,2502649.1311961645,21667509.88687808,1277623167.7645788,0.016959233703306358,746306807.9821652,0.0033533784020578993,5ac89995c4daa8b526aa968dc29017cb6cd7b7cf5ce88198c603a04187889050,b691dab6c1de4256dfabd77b03ea60ad9d27fc99979396769285ca9dc675eee9,e0e02ef8ed5c2cd3b3b86039fb6e6dccba9930092109da24c9141265a77b6d48,2bb80d537b1da3e38bd30361aa855686bde0eacd7162fef6a25fe97bf527a25b,
2026-05-17T10:30:26.653422+00:00,alice,12,34,262144,3,2,0.01,1000,10000000.0,128,0.1,neighborhood3,opensimplex,rossler,0.31470059599814704,9.998002497013658e-06,0.11073804600164294,0.015474109997740015,,0.0001823659986257553,0.0003108910023001954,2367244.2260369193,16940812.753579106,1437460941.049445,0.011785233441690007,843202273.6601253,0.0028074452595595097,5ac89995c4daa8b526aa968dc29017cb6cd7b7cf5ce88198c603a04187889050,b691dab6c1de4256dfabd77b03ea60ad9d27fc99979396769285ca9dc675eee9,e0e02ef8ed5c2cd3b3b86039fb6e6dccba9930092109da24c9141265a77b6d48,2bb80d537b1da3e38bd30361aa855686bde0eacd7162fef6a25fe97bf527a25b,
2026-05-17T10:30:27.121674+00:00,alice,12,34,262144,3,0,0.01,1000,10000000.0,128,0.1,neighborhood3,perlin,lorenz,0.15284582899766974,1.951500598806888e-05,0.1685341310003423,0.01102688299579313,,0.0001832570051192306,0.00031532900175079703,1555435.676109236,23773173.262109578,1430471920.1835911,0.016619112145213208,831334886.8784709,0.001871009746685415,295347184b71f50b82b32f41b6edd78dcc364e8adc1d6339db5c288fb468862e,dc9b0890e010ef25a3290951b2de5f5f35984dc3575b7fc4f6806f9ba65fef64,3c0bf62b9eb2dac6d22a7ffc6ea8d7f78ebd05434392fec7aa49b43848145644,2bb80d537b1da3e38bd30361aa855686bde0eacd7162fef6a25fe97bf527a25b,
2026-05-17T10:30:27.468285+00:00,alice,12,34,262144,3,1,0.01,1000,10000000.0,128,0.1,neighborhood3,perlin,lorenz,0.11834391300362768,1.0864998330362141e-05,0.10458645199832972,0.009696644003270194,,0.00023858700296841562,0.0006172530047479086,2506481.4322622446,27034508.012420785,1098735458.0865533,0.024605111096989034,424694570.91920006,0.005901844770083283,295347184b71f50b82b32f41b6edd78dcc364e8adc1d6339db5c288fb468862e,dc9b0890e010ef25a3290951b2de5f5f35984dc3575b7fc4f6806f9ba65fef64,3c0bf62b9eb2dac6d22a7ffc6ea8d7f78ebd05434392fec7aa49b43848145644,2bb80d537b1da3e38bd30361aa855686bde0eacd7162fef6a25fe97bf527a25b,
2026-05-17T10:30:27.803076+00:00,alice,12,34,262144,3,2,0.01,1000,10000000.0,128,0.1,neighborhood3,perlin,lorenz,0.10684361000312492,9.308998414780945e-06,0.10158638899883954,0.011453113998868503,,0.0001885230012703687,0.0006027069975971244,2580503.181415323,22888447.63318502,1390514675.8407922,0.016460414284621076,434944344.50755864,0.0059329503050257,295347184b71f50b82b32f41b6edd78dcc364e8adc1d6339db5c288fb468862e,dc9b0890e010ef25a3290951b2de5f5f35984dc3575b7fc4f6806f9ba65fef64,3c0bf62b9eb2dac6d22a7ffc6ea8d7f78ebd05434392fec7aa49b43848145644,2bb80d537b1da3e38bd30361aa855686bde0eacd7162fef6a25fe97bf527a25b,
2026-05-17T10:30:28.147218+00:00,alice,12,34,262144,3,0,0.01,1000,10000000.0,128,0.1,neighborhood3,perlin,rossler,0.11729636199743254,9.467003110330552e-06,0.1019674519993714,0.010738523997133598,,0.0003179260020260699,0.0004191090047243051,2570859.571950626,24411548.558253754,824544071.0398523,0.029606117387355375,625479283.5397117,0.004110223375267715,13b74f29621a9df76dab0dd2b912f3101e334a4cb73f692c17930184bb5f69b0,406e88af43fbb954a00ef06c034c38b13b5461fd11371e1e14c817f7e6d5dbee,3c0bf62b9eb2dac6d22a7ffc6ea8d7f78ebd05434392fec7aa49b43848145644,2bb80d537b1da3e38bd30361aa855686bde0eacd7162fef6a25fe97bf527a25b,
2026-05-17T10:30:28.477640+00:00,alice,12,34,262144,3,1,0.01,1000,10000000.0,128,0.1,neighborhood3,perlin,rossler,0.113671309001802,1.0001996997743845e-05,0.09666720499808434,0.01034779500332661,,0.0001930069993250072,0.0003058950023842044,2711819.3807837404,25333319.795736767,1358209810.6119564,0.018651992937911824,856973791.5193099,0.0031644134367003404,13b74f29621a9df76dab0dd2b912f3101e334a4cb73f692c17930184bb5f69b0,406e88af43fbb954a00ef06c034c38b13b5461fd11371e1e14c817f7e6d5dbee,3c0bf62b9eb2dac6d22a7ffc6ea8d7f78ebd05434392fec7aa49b43848145644,2bb80d537b1da3e38bd30361aa855686bde0eacd7162fef6a25fe97bf527a25b,
2026-05-17T10:30:28.798245+00:00,alice,12,34,262144,3,2,0.01,1000,10000000.0,128,0.1,neighborhood3,perlin,rossler,0.10851612099941121,1.067900302587077e-05,0.09630171900062123,0.00880132699967362,,0.0005999870045343414,0.0009643980010878295,2722111.3259495287,29784599.527971305,436916129.8809359,0.06817006169144617,271821384.6402675,0.010014338384568278,13b74f29621a9df76dab0dd2b912f3101e334a4cb73f692c17930184bb5f69b0,406e88af43fbb954a00ef06c034c38b13b5461fd11371e1e14c817f7e6d5dbee,3c0bf62b9eb2dac6d22a7ffc6ea8d7f78ebd05434392fec7aa49b43848145644,2bb80d537b1da3e38bd30361aa855686bde0eacd7162fef6a25fe97bf527a25b,
2026-05-17T10:30:29.279129+00:00,alice,12,34,262144,3,0,0.01,1000,10000000.0,128,0.1,window_mean_3x3,opensimplex,lorenz,0.2426439839982777,9.892100206343457e-05,0.10703778499737382,0.008173802998499013,,0.00018661299691302702,0.00044158100354252383,2449079.0799382827,32071240.284129493,1404746745.0628586,0.022830620819622824,593648725.5950443,0.004125468436714737,8dcd61627ade0fb7ea5c32baee722cd01fbe386b3f861a82c43a532052bbe60c,db03acb6f0ed95b274bfd8f5e1fe554039a758df4932372842f7c066750d3f82,e0e02ef8ed5c2cd3b3b86039fb6e6dccba9930092109da24c9141265a77b6d48,2bb80d537b1da3e38bd30361aa855686bde0eacd7162fef6a25fe97bf527a25b,
2026-05-17T10:30:29.738964+00:00,alice,12,34,262144,3,1,0.01,1000,10000000.0,128,0.1,window_mean_3x3,opensimplex,lorenz,0.23566182800277602,0.00012826100282836705,0.10115164700255264,0.008981176004454028,,0.0002047099987976253,0.0005820149963255972,2591593.9855471123,29188159.754356794,1280562754.8225112,0.02279322871482572,450407638.38557273,0.005753885513212747,8dcd61627ade0fb7ea5c32baee722cd01fbe386b3f861a82c43a532052bbe60c,db03acb6f0ed95b274bfd8f5e1fe554039a758df4932372842f7c066750d3f82,e0e02ef8ed5c2cd3b3b86039fb6e6dccba9930092109da24c9141265a77b6d48,2bb80d537b1da3e38bd30361aa855686bde0eacd7162fef6a25fe97bf527a25b,
2026-05-17T10:30:30.247984+00:00,alice,12,34,262144,3,2,0.01,1000,10000000.0,128,0.1,window_mean_3x3,opensimplex,lorenz,0.26733925900043687,0.00041879600030370057,0.11059960399870761,0.008557011999073438,,0.00021215900051174685,0.00035645400203065947,2370207.4014936187,30634992.685342174,1235601597.705894,0.024793584552028167,735421677.1493909,0.003222922950382578,8dcd61627ade0fb7ea5c32baee722cd01fbe386b3f861a82c43a532052bbe60c,db03acb6f0ed95b274bfd8f5e1fe554039a758df4932372842f7c066750d3f82,e0e02ef8ed5c2cd3b3b86039fb6e6dccba9930092109da24c9141265a77b6d48,2bb80d537b1da3e38bd30361aa855686bde0eacd7162fef6a25fe97bf527a25b,
2026-05-17T10:30:30.711152+00:00,alice,12,34,262144,3,0,0.01,1000,10000000.0,128,0.1,window_mean_3x3,opensimplex,rossler,0.24883299200155307,0.00014000700321048498,0.10102686299796915,0.0089488599987817,,0.00018389100296190009,0.0003310940010123886,2594795.010167441,29293563.65343612,1425540106.789852,0.02054909820769741,791750980.6835531,0.003277286764996794,8208975b3f6a49a7c28c82883526063cb9b9b5dace08b32f4ff52704138b5ceb,9d69e7d6ef0dea5091b8e102d9a61f9beb8220bacab7cec427e22b0042b7827f,e0e02ef8ed5c2cd3b3b86039fb6e6dccba9930092109da24c9141265a77b6d48,2bb80d537b1da3e38bd30361aa855686bde0eacd7162fef6a25fe97bf527a25b,
2026-05-17T10:30:31.172810+00:00,alice,12,34,262144,3,1,0.01,1000,10000000.0,128,0.1,window_mean_3x3,opensimplex,rossler,0.24169953200180316,0.00011228099901927635,0.0971939619994373,0.010465981999004725,,0.00020290200336603448,0.000565191003261134,2697122.275985803,25047243.53863105,1291973443.5893822,0.019386809893742384,463814884.6804664,0.0058150834849638715,8208975b3f6a49a7c28c82883526063cb9b9b5dace08b32f4ff52704138b5ceb,9d69e7d6ef0dea5091b8e102d9a61f9beb8220bacab7cec427e22b0042b7827f,e0e02ef8ed5c2cd3b3b86039fb6e6dccba9930092109da24c9141265a77b6d48,2bb80d537b1da3e38bd30361aa855686bde0eacd7162fef6a25fe97bf527a25b,
2026-05-17T10:30:31.736673+00:00,alice,12,34,262144,3,2,0.01,1000,10000000.0,128,0.1,window_mean_3x3,opensimplex,rossler,0.259641841003031,0.0001337770008831285,0.10701049199997215,0.01181936599459732,,0.00047715399705339223,0.0020705469942186028,2449703.7169034625,22179193.039612032,549390766.123388,0.040370523873404146,126606158.05000345,0.019349009200136578,8208975b3f6a49a7c28c82883526063cb9b9b5dace08b32f4ff52704138b5ceb,9d69e7d6ef0dea5091b8e102d9a61f9beb8220bacab7cec427e22b0042b7827f,e0e02ef8ed5c2cd3b3b86039fb6e6dccba9930092109da24c9141265a77b6d48,2bb80d537b1da3e38bd30361aa855686bde0eacd7162fef6a25fe97bf527a25b,
2026-05-17T10:30:32.126017+00:00,alice,12,34,262144,3,0,0.01,1000,10000000.0,128,0.1,window_mean_3x3,perlin,lorenz,0.13096696299908217,0.00045167800271883607,0.12919879399851197,0.010638044994266238,,0.00018832600471796468,0.0003075339991482906,2028997.2675984823,24642121.756515607,1391969209.948379,0.017703065254891275,852406565.5374777,0.002380316329824507,5ae0400ec9e2189575ce12b29edc4dd098c23711971d4da56744e090275d5a58,0a91c257230536a8bf3445dcd05933481a2c2501815f056f631abafd9ecd2c5c,3c0bf62b9eb2dac6d22a7ffc6ea8d7f78ebd05434392fec7aa49b43848145644,2bb80d537b1da3e38bd30361aa855686bde0eacd7162fef6a25fe97bf527a25b,
2026-05-17T10:30:32.480342+00:00,alice,12,34,262144,3,1,0.01,1000,10000000.0,128,0.1,window_mean_3x3,perlin,lorenz,0.1146965480002109,0.0003425879986025393,0.11101039999630302,0.009354925001389347,,0.00020396699983393773,0.0003791519993683323,2361436.4060370037,28022031.171930045,1285227513.3400393,0.02180316782910024,691395536.4516927,0.003415463770790478,5ae0400ec9e2189575ce12b29edc4dd098c23711971d4da56744e090275d5a58,0a91c257230536a8bf3445dcd05933481a2c2501815f056f631abafd9ecd2c5c,3c0bf62b9eb2dac6d22a7ffc6ea8d7f78ebd05434392fec7aa49b43848145644,2bb80d537b1da3e38bd30361aa855686bde0eacd7162fef6a25fe97bf527a25b,
2026-05-17T10:30:32.843223+00:00,alice,12,34,262144,3,2,0.01,1000,10000000.0,128,0.1,window_mean_3x3,perlin,lorenz,0.10841316600271966,0.00012987600348424166,0.1016374460014049,0.01312251800118247,,0.00020398700144141912,0.0014397440027096309,2579206.880074264,19976653.869049996,1285101492.4854531,0.015544806371996431,182076813.31308833,0.014165487813317642,5ae0400ec9e2189575ce12b29edc4dd098c23711971d4da56744e090275d5a58,0a91c257230536a8bf3445dcd05933481a2c2501815f056f631abafd9ecd2c5c,3c0bf62b9eb2dac6d22a7ffc6ea8d7f78ebd05434392fec7aa49b43848145644,2bb80d537b1da3e38bd30361aa855686bde0eacd7162fef6a25fe97bf527a25b,
2026-05-17T10:30:33.385959+00:00,alice,12,34,262144,3,0,0.01,1000,10000000.0,128,0.1,window_mean_3x3,perlin,rossler,0.2185680139955366,0.0003142650020890869,0.18250406999868574,0.009612431000277866,,0.0002081240018014796,0.00035995499638374895,1436373.44636691,27271353.1043731,1259556791.7728572,0.021651547022336324,728268818.6956784,0.0019723121593197405,d69b7d375e2b9404fbb5b5eec3ab9588eab547e50dc92762bb1aaece4b0e8c38,582538ddf0ff5348160a6ecf90b0ca1b04e578d04128404458dce8680ece1d2d,3c0bf62b9eb2dac6d22a7ffc6ea8d7f78ebd05434392fec7aa49b43848145644,2bb80d537b1da3e38bd30361aa855686bde0eacd7162fef6a25fe97bf527a25b,
2026-05-17T10:30:33.800260+00:00,alice,12,34,262144,3,1,0.01,1000,10000000.0,128,0.1,window_mean_3x3,perlin,rossler,0.1305512729959446,0.00017216499691130593,0.1342856000046595,0.014951985998777673,,0.00020177899568807334,0.0004083130042999983,1952137.8315389291,17532386.668997034,1299163964.544872,0.013495130058613537,642017269.2011443,0.00304063134309137,d69b7d375e2b9404fbb5b5eec3ab9588eab547e50dc92762bb1aaece4b0e8c38,582538ddf0ff5348160a6ecf90b0ca1b04e578d04128404458dce8680ece1d2d,3c0bf62b9eb2dac6d22a7ffc6ea8d7f78ebd05434392fec7aa49b43848145644,2bb80d537b1da3e38bd30361aa855686bde0eacd7162fef6a25fe97bf527a25b,
2026-05-17T10:30:34.291723+00:00,alice,12,34,262144,3,2,0.01,1000,10000000.0,128,0.1,window_mean_3x3,perlin,rossler,0.19264008000027388,0.00022269500186666846,0.14222845699987374,0.009946095997293014,,0.0002468189995852299,0.0007398770030704327,1843119.2008237334,26356471.9334447,1062090035.3721682,0.024815666333042188,354307538.83702636,0.005202032129696025,d69b7d375e2b9404fbb5b5eec3ab9588eab547e50dc92762bb1aaece4b0e8c38,582538ddf0ff5348160a6ecf90b0ca1b04e578d04128404458dce8680ece1d2d,3c0bf62b9eb2dac6d22a7ffc6ea8d7f78ebd05434392fec7aa49b43848145644,2bb80d537b1da3e38bd30361aa855686bde0eacd7162fef6a25fe97bf527a25b,
