timestamp_utc,profile,coord_x,coord_y,nbytes,dt,warmup,quant_k,size,scale,seed_strategy,memory_type,keystream_sha256,field_fingerprint,token_fingerprint,bit_ones_ratio,bit_ones_count,byte_chi2,byte_chi2_norm,byte_entropy_approx,byte_top5,runs_count,runs_expected,runs_norm_diff,hw_win_mean,hw_win_std,hw_win_min,hw_win_max,keystream_preview_base64,autocorr_lag_1,autocorr_lag_2,autocorr_lag_3,autocorr_lag_4,autocorr_lag_5,autocorr_lag_6,autocorr_lag_7,autocorr_lag_8,autocorr_lag_9,autocorr_lag_10,autocorr_lag_11,autocorr_lag_12,autocorr_lag_13,autocorr_lag_14,autocorr_lag_15,autocorr_lag_16,autocorr_lag_17,autocorr_lag_18,autocorr_lag_19,autocorr_lag_20,autocorr_lag_21,autocorr_lag_22,autocorr_lag_23,autocorr_lag_24,autocorr_lag_25,autocorr_lag_26,autocorr_lag_27,autocorr_lag_28,autocorr_lag_29,autocorr_lag_30,autocorr_lag_31,autocorr_lag_32
2025-12-20T17:16:36.911778+00:00,alice,12,34,1048576,0.01,100,100000.0,128,0.1,neighborhood3,opensimplex,b8ce10e014ed53eb9dfab2ce1e17997224a1d5923f62c790ec74ea5c0e611b26,e0e02ef8ed5c2cd3b3b86039fb6e6dccba9930092109da24c9141265a77b6d48,2bb80d537b1da3e38bd30361aa855686bde0eacd7162fef6a25fe97bf527a25b,0.5005011558532715,4198508,258.220703125,1.0126302083333334,7.999822432068505,5b:4309|61:4251|74:4244|31:4238|68:4231,4193846,4194300.7862815857,-5.4214749525272055e-05,512.51318359375,16.08097405580523,449.0,587.0,,0.00010831041136458042,-0.00020509142661556803,0.00019771752590673467,-0.0003457584068461058,8.279939476347644e-05,-0.00015931507897222951,-0.0005862041100840293,0.00013870892927234354,-0.00021164788417202114,0.00015396754571525594,-0.0002540867792075857,0.00022048652773670998,-0.00012462522088403942,9.29322992223661e-05,0.00016529231205318417,0.00030774760850756246,0.0006244876875082275,-0.000611358836343067,0.0003717635549725219,0.00011176701861097667,-0.0002044965617924701,-3.9629301860080744e-05,-0.00034063365154464193,0.00011105205189516428,-0.00028484332420144283,0.0002362223458681026,-0.00044410791478079144,0.0005046826488319223,-0.00015490547206005532,-0.00036745662759141894,-8.52867179484811e-05,0.0005843150781983322
2025-12-20T17:16:38.996910+00:00,alice,12,34,1048576,0.01,100,100000.0,128,0.1,neighborhood3,perlin,265c51e4280be77c31982f3c55a2b1b339de41d0027ccc77c4a1a9e931ea12ae,3c0bf62b9eb2dac6d22a7ffc6ea8d7f78ebd05434392fec7aa49b43848145644,2bb80d537b1da3e38bd30361aa855686bde0eacd7162fef6a25fe97bf527a25b,0.49995124340057373,4193895,243.01953125,0.9530177696078431,7.9998327493636925,37:4309|2a:4278|12:4250|5e:4238|92:4213,4195754,4194304.960117102,0.00017273901497105726,511.9500732421875,15.970846624057437,456.0,572.0,,-0.00034559728371742884,9.821894686583612e-05,-0.00044215697260116234,-0.00016189587252272685,-0.000364194201942805,-0.00036335980297663023,0.0004409458858694985,-0.000124225824441943,0.00018559946289203256,0.00040220302440105795,-0.00020278487119861936,-1.6698926417288374e-05,0.00035273125918421105,0.0003449826611566128,-0.00021446752252474575,0.00022052798330277185,0.0002688078701597599,-7.639036084626988e-06,2.442833482951943e-05,-1.0738486855641056e-05,0.00014173059958766458,0.000164499673966073,9.762307488879301e-05,-0.00016642624779170695,-0.00013721990437305027,0.000565997887846128,0.0001836925295851278,0.00038956770692517335,-7.427720023259867e-05,1.8587183712697466e-05,0.00033532744178538617,9.050385258257098e-06
2025-12-20T17:16:41.381455+00:00,alice,12,34,1048576,0.01,100,100000.0,128,0.1,window_mean_3x3,opensimplex,4c63b5572566e8129ff2fa6013d20b5bb7351efc6737ce642fee443db8dcf837,e0e02ef8ed5c2cd3b3b86039fb6e6dccba9930092109da24c9141265a77b6d48,2bb80d537b1da3e38bd30361aa855686bde0eacd7162fef6a25fe97bf527a25b,0.5003104209899902,4196908,229.28076171875,0.8991402420343138,7.99984253780528,f7:4272|23:4249|d7:4249|21:4248|90:4247,4193514,4194303.383327484,-9.410182565261493e-05,512.31787109375,16.31663121056268,449.0,574.0,,0.00018808453688734582,-0.0001582187909483897,-0.000140933450026356,0.0003093204080061057,-6.368593629301149e-05,0.000101180833006971,-0.00015213935232065274,-8.287868052575288e-05,-0.00032356259705071784,0.00019917092364343157,0.0005058969697909864,7.209363760971159e-05,0.00032779806707466133,9.545857543828569e-05,0.00023839098363904345,0.000412556183369887,0.0004403320639652579,-0.0003840022073967889,-0.00017550465318886426,0.0004211394725283231,-0.00028446230053481733,0.0002468550672647415,0.00028965121740924234,0.00014934161060093583,0.0004336567408490698,0.0005932787354920825,-0.00010064111727753192,-0.0007399629295708676,-2.458532238536605e-05,0.00015482536618709837,0.0006129487019315469,-1.6598275368982424e-05
2025-12-20T17:16:43.511211+00:00,alice,12,34,1048576,0.01,100,100000.0,128,0.1,window_mean_3x3,perlin,8961d882e761a738a1d6523ee39a6a7a145531a4aa5c66a0d0dd5f162ec333a1,3c0bf62b9eb2dac6d22a7ffc6ea8d7f78ebd05434392fec7aa49b43848145644,2bb80d537b1da3e38bd30361aa855686bde0eacd7162fef6a25fe97bf527a25b,0.5002803802490234,4196656,275.1484375,1.079013480392157,7.9998106545516485,fa:4287|ff:4267|8e:4254|36:4226|f4:4226,4194520,4194303.6810913086,2.578722342150286e-05,512.287109375,16.059987031164194,453.0,574.0,,-5.16936785876049e-05,0.0003050999160988075,0.00045971450489280504,-0.0004087259356032877,-0.00014348507361276557,-0.0004986099300016287,-0.0003163387763404412,0.00017325449265847046,-2.8090389805391657e-05,1.0414131646458285e-05,-0.00023432280278367598,-3.703097858533893e-05,-0.00041742853512050977,-0.0003014377161323418,0.0006430595685941699,-0.0006705104348350427,0.00017456611715425138,-0.0003712945418630608,0.00012759757746409257,5.476052016108604e-05,4.319732667755065e-05,-0.0002852252255182049,0.0001304589372431323,0.0006188609629552324,-5.574655549452482e-05,-0.00017436021021485548,-0.00026293304611079804,0.00046651136312274327,0.00015263204181245946,0.0001918520688268641,-0.00020332828785010336,0.0005816681009322769
2025-12-20T17:16:45.975411+00:00,alice,12,34,1048576,0.01,100,10000000.0,128,0.1,neighborhood3,opensimplex,227a776499831b3a19400f1f0f8cbbb909411312a9ec371b40a08699e81e050d,e0e02ef8ed5c2cd3b3b86039fb6e6dccba9930092109da24c9141265a77b6d48,2bb80d537b1da3e38bd30361aa855686bde0eacd7162fef6a25fe97bf527a25b,0.500031590461731,4194569,287.16748046875,1.1261469822303922,7.999802298611449,59:4269|d8:4252|99:4247|2d:4239|c9:4239,4197751,4194304.983257055,0.00041079720770653694,512.0323486328125,15.812795002545174,455.0,569.0,,-0.0008217137108756424,-0.0002498667082352632,0.0002633294390757764,-0.00031137877573056237,0.000132914460834922,-0.0006120248944560578,-0.0003000539950870533,0.0003082715713571882,-0.0009816934881916298,-0.00037789783145362256,0.00011169530457744095,-8.348608888943536e-06,9.762861318413732e-05,-0.00011039194850986865,-1.2997797564008707e-05,-0.00016594360993911361,-0.00030529955711214925,-0.00045776860261432525,-0.0008274375179126078,-1.9792735982087353e-05,1.1559398485251485e-05,-0.0006172712542018035,2.7295055604525736e-05,8.439645708555072e-05,0.00012814639190715518,-0.00016880485465647693,0.00010358922967226507,-0.0008530685186964741,0.00045478100675473747,0.0005056835947880941,-0.0006095233743634031,-0.00031900929900654607
2025-12-20T17:16:48.066378+00:00,alice,12,34,1048576,0.01,100,10000000.0,128,0.1,neighborhood3,perlin,38dd69fdca01279ca3fc369fda15eee742eb40cf176fed4791c76a8a87ff283e,3c0bf62b9eb2dac6d22a7ffc6ea8d7f78ebd05434392fec7aa49b43848145644,2bb80d537b1da3e38bd30361aa855686bde0eacd7162fef6a25fe97bf527a25b,0.5000097751617432,4194386,284.5908203125,1.1160424325980391,7.9998041742383466,20:4267|0f:4264|71:4253|18:4252|2c:4247,4191351,4194304.9983968735,-0.0003521440502254336,512.010009765625,15.99668536832997,456.0,567.0,,0.0007041689707127373,0.00013470614714507817,-0.0005637413143260048,9.727444447935625e-05,0.00010001627603146334,-0.00044655870044700227,-0.0003434426321334023,-0.00012135555009710306,-0.0005084285431674578,0.0006327632859355723,0.0003985168048032087,-2.551120202222e-05,0.0007027394736658265,1.4781599024775507e-05,0.00021708012696978796,0.00019693374914092198,-0.0005806699992787855,0.0005915173913420388,-0.0002974282287656834,0.00025105498489673054,0.00014197824178193368,-0.00017976845772782148,-0.00045550031733850157,0.00025773084392607503,2.1814987454732702e-05,0.00031828941684766487,-0.00011694506239339312,0.0001499654093204951,-0.00023353217855033646,-0.00023889664826742167,2.8252328485073252e-05,-2.455758489204523e-05
2025-12-20T17:16:50.290526+00:00,alice,12,34,1048576,0.01,100,10000000.0,128,0.1,window_mean_3x3,opensimplex,ba43d8241d8995c8698218892b767df22ed4339b47a7dcbe975c29f6297d624f,e0e02ef8ed5c2cd3b3b86039fb6e6dccba9930092109da24c9141265a77b6d48,2bb80d537b1da3e38bd30361aa855686bde0eacd7162fef6a25fe97bf527a25b,0.4995774030685425,4190759,284.39111328125,1.1152592677696078,7.999804158017348,22:4271|f0:4259|31:4254|a2:4249|65:4238,4194208,4194302.003787756,-1.1206124753471158e-05,511.5672607421875,15.983691255426901,451.0,570.0,,2.2293058714877786e-05,0.0007486359545586697,0.00020086877103635067,-0.00017380644847068714,-0.00042259658258191876,-0.0002639286403095264,-1.1562215008969083e-05,3.0041894977523345e-05,-0.0002578490503204196,0.0002527254808944728,-9.667762450658917e-05,0.0006351495605948555,0.0003076809764168175,0.0001747623383784087,-0.00010192329583398782,3.934007039849373e-05,-0.000427126952042978,-0.00037002538852362615,2.0147734434025445e-05,0.000481846745772195,-0.00022542438910593587,8.368630322994091e-05,0.0003515507140349182,-9.91813809792024e-05,-0.0007482785741449268,-0.0002515314578735842,-0.0003291370406640144,0.00010466748406707815,3.5406811824838907e-05,0.0001056213887705953,0.0005520621593756313,1.7406341494592108e-05
2025-12-20T17:16:52.432045+00:00,alice,12,34,1048576,0.01,100,10000000.0,128,0.1,window_mean_3x3,perlin,62be714da77289db7bb3f0350c9e789d5b2a05631f32ce23239b3c617e46e768,3c0bf62b9eb2dac6d22a7ffc6ea8d7f78ebd05434392fec7aa49b43848145644,2bb80d537b1da3e38bd30361aa855686bde0eacd7162fef6a25fe97bf527a25b,0.49978387355804443,4192491,287.951171875,1.129220281862745,7.99980199095213,21:4329|0a:4271|f4:4258|46:4251|00:4250,4192493,4194304.2163255215,-0.00021591381138819088,511.7786865234375,15.818882106118602,459.0,577.0,,0.00043170844253259504,0.0004203836066506325,6.883516739190417e-05,0.00020079984363328388,0.0005621236101101123,-0.0002247774500314039,-0.00013882749130178789,0.0001943629394872157,-0.00017530561300035767,2.341662884268597e-05,-6.9817827647705005e-06,1.674080031195901e-05,0.0004050061325994607,2.6515984142408757e-05,-0.0006850457704259928,-0.00020165127372044758,-7.135525590519884e-05,-3.59500228505197e-05,0.00011890332269753242,-0.0003947707094378297,0.00015180530648901532,0.00046139271929597367,-0.0004935956411474284,3.2476498173566485e-05,0.0002598092341186655,4.630472584626759e-05,-0.0008784047737358622,-0.00043387187089123256,-0.0007515657338790267,0.000761801905394285,-0.0001192772835239932,0.00015097113999891433
2025-12-20T17:16:54.757968+00:00,alice,12,34,1048576,0.01,1000,100000.0,128,0.1,neighborhood3,opensimplex,65adf6de4f974e02aa7c79a65b3ee3a86d536089958cbf816c7500b2c1ed385e,e0e02ef8ed5c2cd3b3b86039fb6e6dccba9930092109da24c9141265a77b6d48,2bb80d537b1da3e38bd30361aa855686bde0eacd7162fef6a25fe97bf527a25b,0.5005053281784058,4198543,258.4091796875,1.0133693321078432,7.999822283863207,5b:4313|61:4249|74:4245|31:4234|68:4228,4193796,4194300.7158277035,-6.0166815245565886e-05,512.5174560546875,16.078927882438393,457.0,585.0,,0.0001202145582008029,-0.00018770341042874332,0.00020366144534117493,-0.0003514972646732405,7.34844979479832e-05,-0.0001788822386325976,-0.0005824062131451949,0.0001410763245386538,-0.00019902823317860668,0.0001622961403592967,-0.00027269931175251416,0.00021594049064052582,-0.0001394230486221259,9.601615587260218e-05,0.00016646929622320092,0.00029819596669722706,0.000626857015167661,-0.0006392685436484386,0.00035958905885595424,0.0001296333579584448,-0.0001894912606529816,-4.465122779925897e-05,-0.00032944353868092594,0.00011508958853547805,-0.0002781834178376544,0.00023191544187396476,-0.0004717799505400116,0.0004891702652204876,-0.0001401383344798857,-0.00035578918856225253,-7.671896790972369e-05,0.000600989111396453
2025-12-20T17:16:56.877907+00:00,alice,12,34,1048576,0.01,1000,100000.0,128,0.1,neighborhood3,perlin,3dfa2a9120d6e39ab222e25a4bab83bc0acb478bacdfb21d499b997213ff23e6,3c0bf62b9eb2dac6d22a7ffc6ea8d7f78ebd05434392fec7aa49b43848145644,2bb80d537b1da3e38bd30361aa855686bde0eacd7162fef6a25fe97bf527a25b,0.49994146823883057,4193813,242.2646484375,0.9500574448529412,7.99983327170482,37:4312|2a:4274|12:4251|5e:4237|92:4215,4195736,4194304.9425218105,0.00017059534528129916,511.9400634765625,15.918522598366996,448.0,569.0,,-0.0003413099452183648,9.726107301348866e-05,-0.00044836000836395,-0.00017095993686359767,-0.00039614641460407487,-0.0003690859612861547,0.0004531011620990099,-0.00010873273695755751,0.00017152856643104243,0.0003826485211495141,-0.0002087494743940824,-1.908727360236129e-05,0.00034414396935640145,0.0003523694651994274,-0.00023163785459538093,0.0002326832204851638,0.00027953259459997487,-2.7193508548958944e-05,4.802769340918688e-05,5.469908624519476e-06,0.0001236066404917322,0.00016568764537508226,0.00010286419642058074,-0.00016571512067886903,-0.00016798012371802332,0.0005705237320026081,0.00016080017536494553,0.00038932516851715806,-5.949934591021368e-05,1.6198845525325712e-05,0.0003367538160566618,-1.861036851817801e-05
2025-12-20T17:16:59.205535+00:00,alice,12,34,1048576,0.01,1000,100000.0,128,0.1,window_mean_3x3,opensimplex,aedec9c276e06b6870bf0e5d01d54429b81c38655ae02d9b6fd6814fda4e166c,e0e02ef8ed5c2cd3b3b86039fb6e6dccba9930092109da24c9141265a77b6d48,2bb80d537b1da3e38bd30361aa855686bde0eacd7162fef6a25fe97bf527a25b,0.5003105401992798,4196909,228.62353515625,0.8965628829656863,7.99984299103245,f7:4271|d7:4255|23:4253|21:4247|90:4246,4193532,4194303.3820855618,-9.195591039201645e-05,512.3179931640625,16.290951358589282,452.0,571.0,,0.00018379270425464354,-0.00015917246590695984,-0.00015833816735783232,0.0003167112423477656,-9.134251869754509e-05,0.00010237277916744857,-0.0001588150807833961,-8.931584278808535e-05,-0.00031092624600251024,0.00017580616218176965,0.0004992215344944201,6.041155021152105e-05,0.00032660641614383576,6.494152683332165e-05,0.00023481514142360222,0.00041637118560261137,0.00041672901200086397,-0.0003916313252581743,-0.00017621976285409625,0.00042495418042755436,-0.0002942373425841042,0.00024184841013443975,0.0002839294497411489,0.0001436198422660155,0.00042960405566511536,0.0005932790318220776,-0.000111846386739749,-0.0007447310230300899,-4.532767046412284e-05,0.00017342208902551483,0.0006086571501733177,-4.187045481661233e-05
2025-12-20T17:17:01.343264+00:00,alice,12,34,1048576,0.01,1000,100000.0,128,0.1,window_mean_3x3,perlin,906251a32a63629653e2577725454cff63e9916f31eb45bbadc73edbcd26674d,3c0bf62b9eb2dac6d22a7ffc6ea8d7f78ebd05434392fec7aa49b43848145644,2bb80d537b1da3e38bd30361aa855686bde0eacd7162fef6a25fe97bf527a25b,0.500269889831543,4196568,274.42333984375,1.0761699601715686,7.999811160599477,fa:4288|ff:4263|8e:4254|ca:4229|36:4226,4194437,4194303.777938843,1.588130726304371e-05,512.2763671875,16.020389172069084,458.0,567.0,,-3.1881708246586624e-05,0.00028843394733155353,0.0004194452046156014,-0.0004144243664029535,-0.0001370240241953558,-0.0004694992124906305,-0.000320606698217896,0.00018329142913710837,-2.8067036459435268e-05,-1.006619662591129e-06,-0.0002526578333713343,-4.41604570948705e-05,-0.00042598851980201613,-0.0003228723330192973,0.0006340227142383394,-0.0006578509928391819,0.00018221886807625608,-0.00038772198390427776,0.00012189911412777146,3.4518356898979314e-05,4.322066343718808e-05,-0.00028973197606664233,0.0001347735570497709,0.0006210299267193272,-7.002838297711279e-05,-0.00018983400490213957,-0.00026624732168704956,0.0004538985782841235,0.0001288136811951862,0.00019044513758225928,-0.00020521204919414697,0.0005866983597305431
2025-12-20T17:17:03.633160+00:00,alice,12,34,1048576,0.01,1000,10000000.0,128,0.1,neighborhood3,opensimplex,6f5d0740c3ea0fb01fe774cc3a1a863207bb92a569520837374723626f860fb4,e0e02ef8ed5c2cd3b3b86039fb6e6dccba9930092109da24c9141265a77b6d48,2bb80d537b1da3e38bd30361aa855686bde0eacd7162fef6a25fe97bf527a25b,0.5000360012054443,4194606,285.8857421875,1.1211205575980392,7.999803190564152,59:4269|d8:4250|99:4246|2d:4240|63:4240,4197756,4194304.978255272,0.000411393850413333,512.036865234375,15.814641602052495,455.0,568.0,,-0.0008229070124812302,-0.000244622688930703,0.0002635666848063869,-0.0003242545738920229,0.00012814489612819583,-0.0006024893334645695,-0.00028074324546934143,0.00031113141120660623,-0.0010091128567921881,-0.0003852900179803095,0.00011431674348852962,-1.0018710393826268e-05,8.952121712798852e-05,-0.00011778407378244858,-2.3489387855173534e-05,-0.00018072674429505357,-0.000351315605779745,-0.00044727931499540186,-0.0008207629031795693,1.425433521238395e-06,2.657863971786292e-05,-0.0006208487099669034,2.2048680606750083e-05,0.00010632990968112691,0.00011980061229091888,-0.00016880594227945477,0.00010454181976475528,-0.0008652289802559906,0.00045907149928395866,0.000504013617128105,-0.0006269290380058313,-0.0003328386548632829
2025-12-20T17:17:05.695652+00:00,alice,12,34,1048576,0.01,1000,10000000.0,128,0.1,neighborhood3,perlin,7705c6adc5b804bc28da2f3bd31b685d6137c4bf5cd16c47cf875037e427cc59,3c0bf62b9eb2dac6d22a7ffc6ea8d7f78ebd05434392fec7aa49b43848145644,2bb80d537b1da3e38bd30361aa855686bde0eacd7162fef6a25fe97bf527a25b,0.5000156164169312,4194435,283.7060546875,1.1125727634803921,7.999804763646903,0f:4263|20:4262|18:4251|71:4251|2c:4244,4191304,4194304.995908499,-0.000357746590196939,512.0159912109375,15.954857678430894,453.0,566.0,,0.0007153740570812842,0.0001621236896638807,-0.0005708944827666058,0.00011372471874071444,0.0001095524046724007,-0.00046539439756632263,-0.00032913812870171165,-0.00013470762362129447,-0.0005196348564433812,0.0006434915074474647,0.00041186763060550364,-2.4081323685104597e-05,0.0007079840557864498,-9.54688634624554e-07,0.0002518886667544556,0.00019335682391464717,-0.0005854390132588852,0.0005538465429409968,-0.00029933620217505863,0.0002589222040902997,0.00015294490369255098,-0.00015616558430282573,-0.0004762434307157092,0.00028181056176078054,1.2754419280249287e-05,0.00030708306924301154,-8.833538813604621e-05,0.0001332754179768763,-0.00023448648869042407,-0.00024223514073671884,1.7522825056979953e-05,-1.3114069722680324e-05
2025-12-20T17:17:08.042631+00:00,alice,12,34,1048576,0.01,1000,10000000.0,128,0.1,window_mean_3x3,opensimplex,8b8da750fe2c91131cd3d7d2c58b066b9edf6d09e6088647295920a2dee26b5a,e0e02ef8ed5c2cd3b3b86039fb6e6dccba9930092109da24c9141265a77b6d48,2bb80d537b1da3e38bd30361aa855686bde0eacd7162fef6a25fe97bf527a25b,0.4995807409286499,4190787,284.359375,1.1151348039215687,7.999804177363612,22:4269|f0:4260|31:4256|a2:4248|65:4234,4194239,4194302.050931692,-7.51625677253287e-06,511.5706787109375,15.96407510546556,452.0,570.0,,1.4913116516775301e-05,0.0007434015726317867,0.00018895866734766677,-0.00017212687424086244,-0.00041233392535569346,-0.00027607776329390416,-4.27848579320211e-05,6.390782771704796e-05,-0.00028144188999823137,0.000252497696108571,-0.00010167378657853928,0.000626100466720702,0.00033224918045176845,0.00013495737778421418,-9.666683284260068e-05,5.079543166866001e-05,-0.00041543336644335775,-0.00038718073393880794,2.4211899029283242e-05,0.0004985473292868611,-0.00022612820622117441,7.773725637337384e-05,0.00036276745886166807,-9.08256613024419e-05,-0.0007477904867545421,-0.0002541430308319514,-0.0002945551688564288,0.00010134044634668729,2.802644027041784e-05,0.0001165995246208139,0.0005370527520053901,3.43447708514895e-05
2025-12-20T17:17:10.163823+00:00,alice,12,34,1048576,0.01,1000,10000000.0,128,0.1,window_mean_3x3,perlin,8944f4d6d7c5ee71b68f554de3e240a90b8db5fb7620d68786e01568d894e844,3c0bf62b9eb2dac6d22a7ffc6ea8d7f78ebd05434392fec7aa49b43848145644,2bb80d537b1da3e38bd30361aa855686bde0eacd7162fef6a25fe97bf527a25b,0.49977660179138184,4192430,289.49609375,1.1352787990196078,7.99980092318857,21:4326|0a:4272|f4:4260|2f:4252|46:4252,4192589,4194304.162703514,-0.00020446332734991302,511.771240234375,15.785068010453145,457.0,571.0,,0.00040880768225377536,0.00042990778445693614,3.973550703246772e-05,0.0002112779019759242,0.0005304014491839592,-0.00021930628896595672,-0.00013049530257904228,0.00018886684339275593,-0.00018771575901257114,3.675572973625379e-05,-7.947817031346526e-06,1.1244908901874658e-05,0.0003911654741054359,6.703485676715738e-05,-0.0007038931432148522,-0.00020166343208620146,-6.94600597292263e-05,-2.499489874255113e-05,0.00014320992689287988,-0.0004105185302282073,0.0001598994131629041,0.00044612174419752674,-0.0005126813387632437,4.223964789864074e-05,0.00025884362079399415,5.916743288388457e-05,-0.0008693569968761094,-0.0004250624001688586,-0.0007799499100969229,0.0007455770355282097,-0.00011046801174877522,0.00013283911174527524
2025-12-20T17:17:12.440896+00:00,alice,12,34,1048576,0.01,5000,100000.0,128,0.1,neighborhood3,opensimplex,6e30cc395858c5787e7b02a7d7230147cf9e37aba125d6a276ef6de1b9c3c859,e0e02ef8ed5c2cd3b3b86039fb6e6dccba9930092109da24c9141265a77b6d48,2bb80d537b1da3e38bd30361aa855686bde0eacd7162fef6a25fe97bf527a25b,0.5005279779434204,4198733,257.541015625,1.0099647671568628,7.999822858707412,5b:4313|61:4244|31:4241|74:4240|68:4228,4193662,4194300.323171377,-7.609405176367545e-05,512.5406494140625,16.1347114641504,447.0,572.0,,0.00015206908179644373,-0.0001727764021405712,0.00021048225920888966,-0.00036994841887154817,5.598705727257601e-05,-0.00017945171397202968,-0.0005209867641256743,0.00015576571042352628,-0.0001693187150060997,0.00015052027469341557,-0.0002508583592960562,0.00023205992369006997,-0.00013546326782603178,0.00012667892517052338,0.00016399155609357301,0.0002816517516709888,0.0006196109309625457,-0.000658913046519484,0.00038858219087384825,0.00012262538143271328,-0.00024156030144204525,-5.070554445317682e-05,-0.000334544215534732,9.40150961248199e-05,-0.00024704381517485103,0.00023015320421134735,-0.000411314483720604,0.0004540293014923054,-0.0001004155851989626,-0.0003675646167070777,-5.368509134402769e-05,0.0005794388118205968
2025-12-20T17:17:14.433106+00:00,alice,12,34,1048576,0.01,5000,100000.0,128,0.1,neighborhood3,perlin,5e559163977b073f75fd2c73e24688c652f365163e9096ca11c4d6d69c6b919c,3c0bf62b9eb2dac6d22a7ffc6ea8d7f78ebd05434392fec7aa49b43848145644,2bb80d537b1da3e38bd30361aa855686bde0eacd7162fef6a25fe97bf527a25b,0.4999370574951172,4193776,239.57080078125,0.9394933363970588,7.99983511989187,37:4307|2a:4272|12:4249|5e:4234|92:4213,4195714,4194304.933532715,0.00016797381249489263,511.935546875,16.022376506613423,454.0,569.0,,-0.0003360668796691823,0.00010321942395666455,-0.0004385870171132422,-0.00016047165985376603,-0.00044407075235910993,-0.00039388365770555466,0.000430449263535159,-0.0001201789274340185,0.0002075277519970435,0.0003094518124051233,-0.0001849097305658518,-5.9859027003782176e-05,0.00030861748674832265,0.00034163855237520467,-0.00023307039857829034,0.0002117002583172914,0.0002540196977893234,9.282497580451904e-06,6.018501143628134e-05,6.817203016468859e-05,6.852969707256565e-05,0.0001334989394634149,0.00011502146454086264,-9.323774972928763e-05,-0.0001346035082551934,0.0005836346827595736,0.00012908823103240593,0.00034545380256712703,-2.3977027573711937e-05,9.282510836549246e-06,0.0003214928300051132,-5.866698225494039e-05
2025-12-20T17:17:16.646294+00:00,alice,12,34,1048576,0.01,5000,100000.0,128,0.1,window_mean_3x3,opensimplex,a77608ec1121bd678cc072bf3694a7611a8e68ee862e5f37e102853e73888a5e,e0e02ef8ed5c2cd3b3b86039fb6e6dccba9930092109da24c9141265a77b6d48,2bb80d537b1da3e38bd30361aa855686bde0eacd7162fef6a25fe97bf527a25b,0.500325083732605,4197031,230.8037109375,0.9051125919117647,7.999841477210289,f7:4268|d7:4258|23:4254|21:4251|90:4249,4193463,4194303.2269933224,-0.00010016286293534904,512.3328857421875,16.28950734022781,451.0,569.0,,0.00020020647001603827,-0.00013632155306061023,-0.00017458793618059274,0.0003252570436808418,-6.515373861113637e-05,0.00013762148585018757,-0.00015980604914431524,-5.1682938790756956e-05,-0.0003009499422568672,0.00017886818707379485,0.0004638979588972017,8.254679014388972e-05,0.0003151247376049601,5.63208661792401e-05,0.00019973012024166462,0.0003886773081982719,0.00040500906715122887,-0.0005030102203476837,-0.0001624284247355569,0.0003803329746541269,-0.0002773467099649801,0.0002604081547340944,0.0002714946847386425,0.00016933186541982027,0.00044601758815003827,0.0006192293490655297,-0.00013763295752648012,-0.0007688485358898047,7.803062083036736e-06,0.00019031337013488374,0.0006222105824669784,-6.859274986667392e-06
2025-12-20T17:17:18.841241+00:00,alice,12,34,1048576,0.01,5000,100000.0,128,0.1,window_mean_3x3,perlin,aacea544bd8f862cd02ab9c02551b45321dc2e1bef15427d657bc3953f98009d,3c0bf62b9eb2dac6d22a7ffc6ea8d7f78ebd05434392fec7aa49b43848145644,2bb80d537b1da3e38bd30361aa855686bde0eacd7162fef6a25fe97bf527a25b,0.5002366304397583,4196289,269.3759765625,1.0563763786764706,7.999814631675861,fa:4290|8e:4254|ff:4250|36:4228|d7:4228,4194444,4194304.060577154,1.6682079177599007e-05,512.2423095703125,16.063518387520134,447.0,572.0,,-3.3483379162446385e-05,0.00027681865383611266,0.00040687621018479836,-0.00046800133047714853,-0.00014911638808706498,-0.0004985191617332287,-0.0002678488889222774,0.00022532049077343775,4.902142541877964e-06,1.8849649727625578e-05,-0.00020729060468376845,-1.285984364674868e-05,-0.0004294970511743055,-0.00036643526885867206,0.0006300372566384358,-0.0006074768278180108,0.00021280406720684312,-0.0003883697792834996,8.048147714395197e-05,-2.3826913698633235e-05,6.832211558156485e-05,-0.0002364967845389432,0.00012864243689583084,0.0006461315745974843,-3.682066939561461e-05,-0.0002517557371905305,-0.0002313707957037477,0.0004167723925548434,0.00013507985408001247,0.00021578486588148457,-0.00022207243227297682,0.0005765136843213347
2025-12-20T17:17:21.145772+00:00,alice,12,34,1048576,0.01,5000,10000000.0,128,0.1,neighborhood3,opensimplex,0f107415bf46cf117a574364307f940ef3f691f9ae662bcdfefe0ca8c4740c79,e0e02ef8ed5c2cd3b3b86039fb6e6dccba9930092109da24c9141265a77b6d48,2bb80d537b1da3e38bd30361aa855686bde0eacd7162fef6a25fe97bf527a25b,0.500049352645874,4194718,283.74951171875,1.1127431832107844,7.9998046648765655,59:4264|d8:4249|c9:4243|99:4241|2d:4240,4197686,4194304.959136009,0.00040305147933850094,512.050537109375,15.791716353062323,456.0,577.0,,-0.0008062222719317071,-0.00021220235433092247,0.00027643665421850697,-0.0003213981908204176,0.000138869116645291,-0.0006010634634930659,-0.0003444057180712844,0.0003416443396550814,-0.0009971966000281787,-0.00038934779741748665,0.00015532011965577544,2.9315714103490028e-05,3.3964863606517985e-05,-4.6978375827908836e-05,1.2268741996739514e-05,-0.00016857207194559358,-0.00028837769553408994,-0.00047494069373109365,-0.0008159992800337263,9.288533463672159e-06,5.780686088337576e-05,-0.0006060713897597704,-2.751587525323383e-06,9.130481161494718e-05,0.00012527957160382114,-0.0001528365742323353,0.00010692126454546472,-0.0008418686344160882,0.00043260217462923574,0.0004522718295099537,-0.0006588820450936328,-0.00038577257325486024
2025-12-20T17:17:23.227094+00:00,alice,12,34,1048576,0.01,5000,10000000.0,128,0.1,neighborhood3,perlin,5a8ae8094938263242f89dfa257213977b5ceee803fb0714e27f781480b7c91c,3c0bf62b9eb2dac6d22a7ffc6ea8d7f78ebd05434392fec7aa49b43848145644,2bb80d537b1da3e38bd30361aa855686bde0eacd7162fef6a25fe97bf527a25b,0.500031590461731,4194569,284.3623046875,1.115146292892157,7.999804294467952,0f:4266|71:4262|20:4254|18:4247|2c:4239,4191194,4194304.983257055,-0.0003708581038779357,512.0323486328125,16.186868154039793,448.0,576.0,,0.0007415970898314356,0.00013470253801563869,-0.0005649370042405113,0.00011205282435199926,0.0001848897422662208,-0.00048566298677374744,-0.0003489298598466833,-7.296011678239607e-05,-0.0005062863596358699,0.0006868807862523784,0.0004318918623999475,-2.5037933366943915e-05,0.0006498069003097111,4.052727960100465e-05,0.00025760778974047725,0.00019144653829188284,-0.000543003378209346,0.0006179783087615522,-0.00025260903449462736,0.00020241388028242272,0.0001803601154838402,-0.00012159777150609257,-0.0004864984081997548,0.00025677359870254264,3.2301867213802825e-05,0.00030350386151285536,-7.903993021402472e-05,0.0001957383910462177,-0.0002297209975046431,-0.000364785648582523,2.3957239302718393e-05,1.3585994362690242e-05
2025-12-20T17:17:25.458822+00:00,alice,12,34,1048576,0.01,5000,10000000.0,128,0.1,window_mean_3x3,opensimplex,1ed6d7988da345441a7468162f3ddf2680d289641fa4417473bace0e6aeced57,e0e02ef8ed5c2cd3b3b86039fb6e6dccba9930092109da24c9141265a77b6d48,2bb80d537b1da3e38bd30361aa855686bde0eacd7162fef6a25fe97bf527a25b,0.49959421157836914,4190900,284.8857421875,1.1171989889705882,7.999803808449903,22:4274|f0:4258|31:4255|a2:4247|65:4225,4194201,4194302.2373924255,-1.2068437627021922e-05,511.58447265625,16.046439658019814,450.0,582.0,,2.4017878063667983e-05,0.0007520298587115559,0.00013345250964728073,-0.00019663817860951987,-0.00043589154644946304,-0.0003201394127981845,-6.65811070674104e-05,3.319722114665209e-05,-0.0002875955286210406,0.0002694704780766071,-6.801165342253353e-05,0.00060158831670457,0.0003165583475714555,0.00017076508476265606,-6.038227296828683e-05,2.6521514833089e-05,-0.00039941461087321986,-0.00036996968797558546,8.520675237365369e-06,0.0005181421331963431,-0.0002501639121970887,8.469605101316924e-05,0.0003151284013108845,-0.00010484736646831379,-0.0007556132587670257,-0.0002126131878661494,-0.0003252662352109076,0.00013166475891550548,5.8984564371641234e-06,8.66034878681007e-05,0.0005068180734542124,3.224363565803883e-05
2025-12-20T17:17:27.542030+00:00,alice,12,34,1048576,0.01,5000,10000000.0,128,0.1,window_mean_3x3,perlin,42acd5799babb39196739560a5004cd0ed65fc2475041abee31d456df13bcff8,3c0bf62b9eb2dac6d22a7ffc6ea8d7f78ebd05434392fec7aa49b43848145644,2bb80d537b1da3e38bd30361aa855686bde0eacd7162fef6a25fe97bf527a25b,0.49978065490722656,4192464,287.92138671875,1.1291034773284314,7.9998019889466665,21:4324|0a:4265|f4:4263|00:4249|2f:4249,4192707,4194304.192810059,-0.00019040022016270086,511.775390625,15.701915060468329,459.0,566.0,,0.00038068145424735215,0.0004768835423149025,5.333265578953201e-05,0.00017194608920558278,0.0004784335393711058,-0.00021357706219356107,-0.000163389925238118,0.00017647602470698785,-0.0002671023865628946,2.6510572847948166e-05,-3.512082398260755e-05,-1.8312291086035552e-05,0.00042931926422938376,5.5835811436602904e-05,-0.0006905349174687108,-0.0001961731425750723,-7.255285840528245e-05,-9.007667361562501e-05,0.00016848890006464584,-0.00037665646103698605,0.00017897949054299032,0.00047354639096557245,-0.0005455766547582308,9.565190205590504e-05,0.0002965202036196153,8.94531259447687e-05,-0.0008836556133880763,-0.0004066976674495682,-0.0007761286525174714,0.0007789622978411727,-9.448746977791486e-05,9.875155163407425e-05
